-- MySQL dump 10.13  Distrib 8.0.40, for Win64 (x86_64)
--
-- Host: localhost    Database: basededatospadel
-- ------------------------------------------------------
-- Server version	8.0.40

/*!40101 SET @OLD_CHARACTER_SET_CLIENT=@@CHARACTER_SET_CLIENT */;
/*!40101 SET @OLD_CHARACTER_SET_RESULTS=@@CHARACTER_SET_RESULTS */;
/*!40101 SET @OLD_COLLATION_CONNECTION=@@COLLATION_CONNECTION */;
/*!50503 SET NAMES utf8mb4 */;
/*!40103 SET @OLD_TIME_ZONE=@@TIME_ZONE */;
/*!40103 SET TIME_ZONE='+00:00' */;
/*!40014 SET @OLD_UNIQUE_CHECKS=@@UNIQUE_CHECKS, UNIQUE_CHECKS=0 */;
/*!40014 SET @OLD_FOREIGN_KEY_CHECKS=@@FOREIGN_KEY_CHECKS, FOREIGN_KEY_CHECKS=0 */;
/*!40101 SET @OLD_SQL_MODE=@@SQL_MODE, SQL_MODE='NO_AUTO_VALUE_ON_ZERO' */;
/*!40111 SET @OLD_SQL_NOTES=@@SQL_NOTES, SQL_NOTES=0 */;

--
-- Table structure for table `auditoria_jugadores`
--

DROP TABLE IF EXISTS `auditoria_jugadores`;
/*!40101 SET @saved_cs_client     = @@character_set_client */;
/*!50503 SET character_set_client = utf8mb4 */;
CREATE TABLE `auditoria_jugadores` (
  `id_auditoria` int NOT NULL AUTO_INCREMENT,
  `cod_jugador` int DEFAULT NULL,
  `nombre` varchar(45) DEFAULT NULL,
  `accion` varchar(45) DEFAULT NULL,
  `fecha_registro` datetime DEFAULT CURRENT_TIMESTAMP,
  `mensaje` varchar(255) DEFAULT NULL,
  PRIMARY KEY (`id_auditoria`)
) ENGINE=InnoDB AUTO_INCREMENT=2 DEFAULT CHARSET=utf8mb4 COLLATE=utf8mb4_0900_ai_ci;
/*!40101 SET character_set_client = @saved_cs_client */;

--
-- Dumping data for table `auditoria_jugadores`
--

LOCK TABLES `auditoria_jugadores` WRITE;
/*!40000 ALTER TABLE `auditoria_jugadores` DISABLE KEYS */;
INSERT INTO `auditoria_jugadores` VALUES (1,802,'Juan','INSERT','2025-05-20 18:50:53','Nuevo jugador registrado: Juan (ID: 802)');
/*!40000 ALTER TABLE `auditoria_jugadores` ENABLE KEYS */;
UNLOCK TABLES;

--
-- Table structure for table `ciudad`
--

DROP TABLE IF EXISTS `ciudad`;
/*!40101 SET @saved_cs_client     = @@character_set_client */;
/*!50503 SET character_set_client = utf8mb4 */;
CREATE TABLE `ciudad` (
  `cod_ciudad` int NOT NULL AUTO_INCREMENT,
  `ciudad` varchar(45) DEFAULT NULL,
  `estacion_anio` varchar(45) DEFAULT NULL,
  `altura_nivel_mar` int DEFAULT NULL,
  `humedad` int DEFAULT NULL,
  `temperatura_media` int DEFAULT NULL,
  PRIMARY KEY (`cod_ciudad`)
) ENGINE=InnoDB AUTO_INCREMENT=32 DEFAULT CHARSET=utf8mb4 COLLATE=utf8mb4_0900_ai_ci;
/*!40101 SET character_set_client = @saved_cs_client */;

--
-- Dumping data for table `ciudad`
--

LOCK TABLES `ciudad` WRITE;
/*!40000 ALTER TABLE `ciudad` DISABLE KEYS */;
INSERT INTO `ciudad` VALUES (1,'Madrid','Primavera',667,60,15),(2,'Barcelona','Primavera',12,70,18),(3,'Lisboa','Primavera',2,65,20),(4,'Bogotá','Primavera',2640,75,14),(5,'Santiago','Primavera',570,50,16),(6,'Roma','Verano',21,55,28),(7,'Atenas','Verano',70,40,32),(8,'Miami','Verano',2,80,30),(9,'Buenos Aires','Verano',25,70,15),(10,'Lima','Verano',154,85,17),(11,'París','Otoño',33,65,18),(12,'Londres','Otoño',35,75,15),(13,'Nueva York','Otoño',10,70,19),(14,'Ciudad de México','Otoño',2230,60,20),(15,'Quito','Otoño',2850,80,13),(16,'Oslo','Invierno',1,85,-2),(17,'Toronto','Invierno',76,80,-5),(18,'Moscú','Invierno',156,90,-8),(19,'Sídney','Invierno',20,65,25),(20,'Cape Town','Invierno',0,70,22);
/*!40000 ALTER TABLE `ciudad` ENABLE KEYS */;
UNLOCK TABLES;

--
-- Table structure for table `equipos`
--

DROP TABLE IF EXISTS `equipos`;
/*!40101 SET @saved_cs_client     = @@character_set_client */;
/*!50503 SET character_set_client = utf8mb4 */;
CREATE TABLE `equipos` (
  `cod_equipo` int NOT NULL,
  `temporada` date DEFAULT NULL,
  `cod_jugador1` int NOT NULL,
  `cod_jugador2` int NOT NULL,
  PRIMARY KEY (`cod_equipo`),
  KEY `fk_equipos_jugador1` (`cod_jugador1`),
  KEY `fk_equipos_jugador2` (`cod_jugador2`),
  CONSTRAINT `fk_equipos_jugador1` FOREIGN KEY (`cod_jugador1`) REFERENCES `jugadores` (`cod_jugador`),
  CONSTRAINT `fk_equipos_jugador2` FOREIGN KEY (`cod_jugador2`) REFERENCES `jugadores` (`cod_jugador`)
) ENGINE=InnoDB DEFAULT CHARSET=utf8mb4 COLLATE=utf8mb4_0900_ai_ci;
/*!40101 SET character_set_client = @saved_cs_client */;

--
-- Dumping data for table `equipos`
--

LOCK TABLES `equipos` WRITE;
/*!40000 ALTER TABLE `equipos` DISABLE KEYS */;
INSERT INTO `equipos` VALUES (1,'2022-12-19',500,1),(2,'2023-02-16',1,500),(3,'2023-03-28',2,499),(4,'2024-08-04',3,498),(5,'2021-12-14',4,497),(6,'2020-01-23',5,496),(7,'2025-07-08',6,495),(8,'2020-07-19',7,494),(9,'2025-03-06',8,493),(10,'2020-07-25',9,492),(11,'2025-01-17',10,491),(12,'2021-01-28',11,490),(13,'2021-04-08',12,489),(14,'2021-09-20',13,488),(15,'2022-10-05',14,487),(16,'2020-02-18',15,486),(17,'2023-01-12',16,485),(18,'2023-04-23',17,484),(19,'2020-04-10',18,483),(20,'2021-07-22',19,482),(21,'2022-12-04',20,481),(22,'2025-04-07',21,480),(23,'2022-06-09',22,479),(24,'2023-08-19',23,478),(25,'2025-12-29',24,477),(26,'2020-01-18',25,476),(27,'2025-09-11',26,475),(28,'2020-10-05',27,474),(29,'2024-04-09',28,473),(30,'2025-05-09',29,472),(31,'2025-12-29',30,471),(32,'2024-12-07',31,470),(33,'2025-12-10',32,469),(34,'2020-11-30',33,468),(35,'2020-11-15',34,467),(36,'2023-02-20',35,466),(37,'2025-01-27',36,465),(38,'2022-12-27',37,464),(39,'2021-06-08',38,463),(40,'2020-09-15',39,462),(41,'2021-05-27',40,461),(42,'2024-01-07',41,460),(43,'2022-12-31',42,459),(44,'2021-09-25',43,458),(45,'2023-04-30',44,457),(46,'2021-03-03',45,456),(47,'2023-04-21',46,455),(48,'2020-02-22',47,454),(49,'2025-05-04',48,453),(50,'2020-08-01',49,452),(51,'2022-11-15',50,451),(52,'2025-10-10',51,450),(53,'2023-10-19',52,449),(54,'2020-03-24',53,448),(55,'2021-12-24',54,447),(56,'2024-03-11',55,446),(57,'2020-03-29',56,445),(58,'2023-02-08',57,444),(59,'2022-11-06',58,443),(60,'2020-04-19',59,442),(61,'2021-01-06',60,441),(62,'2024-10-15',61,440),(63,'2025-10-02',62,439),(64,'2021-10-28',63,438),(65,'2025-07-23',64,437),(66,'2020-05-16',65,436),(67,'2021-02-04',66,435),(68,'2020-04-17',67,434),(69,'2023-09-24',68,433),(70,'2023-06-30',69,432),(71,'2023-06-28',70,431),(72,'2023-01-31',71,430),(73,'2023-02-21',72,429),(74,'2022-12-14',73,428),(75,'2024-01-27',74,427),(76,'2024-07-07',75,426),(77,'2020-04-16',76,425),(78,'2022-11-07',77,424),(79,'2021-01-05',78,423),(80,'2023-12-15',79,422),(81,'2024-05-29',80,421),(82,'2025-02-01',81,420),(83,'2023-01-22',82,419),(84,'2021-05-29',83,418),(85,'2022-12-28',84,417),(86,'2020-01-13',85,416),(87,'2024-12-14',86,415),(88,'2022-01-15',87,414),(89,'2024-10-24',88,413),(90,'2022-12-21',89,412),(91,'2023-06-30',90,411),(92,'2023-06-13',91,410),(93,'2024-08-02',92,409),(94,'2024-01-04',93,408),(95,'2020-03-22',94,407),(96,'2022-04-24',95,406),(97,'2022-04-29',96,405),(98,'2023-07-29',97,404),(99,'2023-10-09',98,403),(100,'2023-03-11',99,402),(101,'2021-07-18',100,401),(102,'2024-03-03',101,400),(103,'2021-12-23',102,399),(104,'2022-02-08',103,398),(105,'2020-04-17',104,397),(106,'2020-06-26',105,396),(107,'2022-08-28',106,395),(108,'2020-12-27',107,394),(109,'2022-06-15',108,393),(110,'2022-12-14',109,392),(111,'2022-01-11',110,391),(112,'2020-03-17',111,390),(113,'2023-02-09',112,389),(114,'2024-12-19',113,388),(115,'2021-03-17',114,387),(116,'2022-01-12',115,386),(117,'2023-07-30',116,385),(118,'2023-05-18',117,384),(119,'2022-01-19',118,383),(120,'2021-05-03',119,382),(121,'2022-01-09',120,381),(122,'2025-10-14',121,380),(123,'2021-10-25',122,379),(124,'2022-12-09',123,378),(125,'2020-03-15',124,377),(126,'2021-10-09',125,376),(127,'2022-01-13',126,375),(128,'2024-08-19',127,374),(129,'2023-11-17',128,373),(130,'2022-07-20',129,372),(131,'2023-07-31',130,371),(132,'2022-07-07',131,370),(133,'2022-06-13',132,369),(134,'2020-06-06',133,368),(135,'2024-04-08',134,367),(136,'2024-06-14',135,366),(137,'2022-11-19',136,365),(138,'2022-02-21',137,364),(139,'2022-03-16',138,363),(140,'2021-07-01',139,362),(141,'2025-05-16',140,361),(142,'2021-09-02',141,360),(143,'2023-07-26',142,359),(144,'2024-12-11',143,358),(145,'2023-06-07',144,357),(146,'2025-02-26',145,356),(147,'2022-06-25',146,355),(148,'2021-12-15',147,354),(149,'2024-02-23',148,353),(150,'2022-01-04',149,352),(151,'2024-01-04',150,351),(152,'2020-05-31',151,350),(153,'2020-11-05',152,349),(154,'2023-01-27',153,348),(155,'2021-08-08',154,347),(156,'2021-08-22',155,346),(157,'2022-03-24',156,345),(158,'2020-02-12',157,344),(159,'2020-03-22',158,343),(160,'2021-02-08',159,342),(161,'2025-01-21',160,341),(162,'2025-02-22',161,340),(163,'2022-03-26',162,339),(164,'2023-12-19',163,338),(165,'2025-03-23',164,337),(166,'2024-10-25',165,336),(167,'2023-12-26',166,335),(168,'2022-04-30',167,334),(169,'2024-11-20',168,333),(170,'2020-08-14',169,332),(171,'2025-06-18',170,331),(172,'2022-10-18',171,330),(173,'2025-03-03',172,329),(174,'2021-05-31',173,328),(175,'2021-10-26',174,327),(176,'2020-12-16',175,326),(177,'2021-04-15',176,325),(178,'2022-03-30',177,324),(179,'2022-02-16',178,323),(180,'2024-10-10',179,322),(181,'2025-10-23',180,321),(182,'2024-07-03',181,320),(183,'2023-04-27',182,319),(184,'2025-12-30',183,318),(185,'2021-12-01',184,317),(186,'2024-07-21',185,316),(187,'2025-01-07',186,315),(188,'2020-11-13',187,314),(189,'2023-03-29',188,313),(190,'2023-10-03',189,312),(191,'2022-01-27',190,311),(192,'2025-02-12',191,310),(193,'2023-10-26',192,309),(194,'2021-05-05',193,308),(195,'2023-08-25',194,307),(196,'2022-03-06',195,306),(197,'2024-06-08',196,305),(198,'2024-12-23',197,304),(199,'2025-11-01',198,303),(200,'2020-06-14',199,302),(201,'2022-05-25',200,301),(202,'2020-05-08',201,300),(203,'2023-03-08',202,299),(204,'2024-05-19',203,298),(205,'2021-01-20',204,297),(206,'2021-05-02',205,296),(207,'2020-06-05',206,295),(208,'2024-06-08',207,294),(209,'2023-08-16',208,293),(210,'2022-04-23',209,292),(211,'2022-08-04',210,291),(212,'2022-04-20',211,290),(213,'2023-11-19',212,289),(214,'2020-07-31',213,288),(215,'2021-06-23',214,287),(216,'2020-07-23',215,286),(217,'2021-08-03',216,285),(218,'2020-03-08',217,284),(219,'2020-10-24',218,283),(220,'2024-02-06',219,282),(221,'2024-09-20',220,281),(222,'2022-07-20',221,280),(223,'2024-11-14',222,279),(224,'2021-08-15',223,278),(225,'2020-05-11',224,277),(226,'2021-08-22',225,276),(227,'2023-05-14',226,275),(228,'2022-08-01',227,274),(229,'2022-06-01',228,273),(230,'2023-09-13',229,272),(231,'2023-01-30',230,271),(232,'2025-03-08',231,270),(233,'2025-10-16',232,269),(234,'2025-07-22',233,268),(235,'2023-11-12',234,267),(236,'2020-03-10',235,266),(237,'2021-10-19',236,265),(238,'2021-09-15',237,264),(239,'2022-09-03',238,263),(240,'2021-05-23',239,262),(241,'2025-03-07',240,261),(242,'2023-10-07',241,260),(243,'2022-02-01',242,259),(244,'2023-11-06',243,258),(245,'2022-11-01',244,257),(246,'2022-11-29',245,256),(247,'2025-02-11',246,255),(248,'2025-06-19',247,254),(249,'2024-11-05',248,253),(250,'2021-04-18',249,252),(251,'2023-05-28',250,251),(252,'2024-03-02',251,250),(253,'2023-09-25',252,249),(254,'2020-12-22',253,248),(255,'2022-03-15',254,247),(256,'2020-02-03',255,246),(257,'2021-12-07',256,245),(258,'2024-10-31',257,244),(259,'2024-07-07',258,243),(260,'2025-11-05',259,242),(261,'2024-01-17',260,241),(262,'2024-11-05',261,240),(263,'2021-04-12',262,239),(264,'2025-03-19',263,238),(265,'2020-05-17',264,237),(266,'2025-03-27',265,236),(267,'2022-05-15',266,235),(268,'2020-03-02',267,234),(269,'2021-01-17',268,233),(270,'2022-11-27',269,232),(271,'2023-08-27',270,231),(272,'2024-03-15',271,230),(273,'2022-12-10',272,229),(274,'2022-11-16',273,228),(275,'2022-05-23',274,227),(276,'2020-09-03',275,226),(277,'2025-11-28',276,225),(278,'2020-02-27',277,224),(279,'2024-08-14',278,223),(280,'2020-02-23',279,222),(281,'2024-11-25',280,221),(282,'2024-11-06',281,220),(283,'2022-06-23',282,219),(284,'2021-10-21',283,218),(285,'2022-07-21',284,217),(286,'2020-02-03',285,216),(287,'2024-08-03',286,215),(288,'2023-09-26',287,214),(289,'2024-02-06',288,213),(290,'2020-06-09',289,212),(291,'2025-08-01',290,211),(292,'2022-02-14',291,210),(293,'2021-11-06',292,209),(294,'2021-08-14',293,208),(295,'2024-10-04',294,207),(296,'2025-06-26',295,206),(297,'2020-02-08',296,205),(298,'2025-08-02',297,204),(299,'2025-06-30',298,203),(300,'2021-04-05',299,202),(301,'2024-05-16',300,201),(302,'2021-04-18',301,200),(303,'2023-10-13',302,199),(304,'2022-07-25',303,198),(305,'2022-05-06',304,197),(306,'2025-01-08',305,196),(307,'2022-03-06',306,195),(308,'2025-08-05',307,194),(309,'2025-10-05',308,193),(310,'2020-02-24',309,192),(311,'2024-12-19',310,191),(312,'2023-03-24',311,190),(313,'2021-09-16',312,189),(314,'2024-06-01',313,188),(315,'2020-03-15',314,187),(316,'2023-05-25',315,186),(317,'2021-03-13',316,185),(318,'2025-09-01',317,184),(319,'2025-09-06',318,183),(320,'2022-03-17',319,182),(321,'2023-05-16',320,181),(322,'2020-10-07',321,180),(323,'2023-07-14',322,179),(324,'2025-07-27',323,178),(325,'2023-04-06',324,177),(326,'2023-12-20',325,176),(327,'2025-03-03',326,175),(328,'2023-02-24',327,174),(329,'2023-10-23',328,173),(330,'2024-06-13',329,172),(331,'2024-03-27',330,171),(332,'2024-06-05',331,170),(333,'2020-11-08',332,169),(334,'2023-02-28',333,168),(335,'2025-05-12',334,167),(336,'2025-07-30',335,166),(337,'2020-06-27',336,165),(338,'2025-08-07',337,164),(339,'2022-11-04',338,163),(340,'2022-12-12',339,162),(341,'2022-06-08',340,161),(342,'2022-02-09',341,160),(343,'2021-01-20',342,159),(344,'2025-08-03',343,158),(345,'2021-12-13',344,157),(346,'2024-09-01',345,156),(347,'2025-02-10',346,155),(348,'2022-07-31',347,154),(349,'2022-09-26',348,153),(350,'2025-03-09',349,152),(351,'2023-04-24',350,151),(352,'2021-01-15',351,150),(353,'2024-11-20',352,149),(354,'2023-06-09',353,148),(355,'2020-03-03',354,147),(356,'2023-01-09',355,146),(357,'2022-02-26',356,145),(358,'2025-12-06',357,144),(359,'2021-11-06',358,143),(360,'2025-05-10',359,142),(361,'2020-07-27',360,141),(362,'2021-07-20',361,140),(363,'2023-04-10',362,139),(364,'2025-04-18',363,138),(365,'2020-08-16',364,137),(366,'2025-10-14',365,136),(367,'2024-06-22',366,135),(368,'2022-04-14',367,134),(369,'2023-12-02',368,133),(370,'2023-06-26',369,132),(371,'2021-05-20',370,131),(372,'2023-02-07',371,130),(373,'2022-05-11',372,129),(374,'2022-09-30',373,128),(375,'2021-12-12',374,127),(376,'2020-12-15',375,126),(377,'2021-08-02',376,125),(378,'2023-10-29',377,124),(379,'2021-08-21',378,123),(380,'2020-12-09',379,122),(381,'2021-01-06',380,121),(382,'2022-01-06',381,120),(383,'2020-02-17',382,119),(384,'2022-02-09',383,118),(385,'2024-10-17',384,117),(386,'2024-01-04',385,116),(387,'2020-11-22',386,115),(388,'2020-07-11',387,114),(389,'2021-03-05',388,113),(390,'2022-05-16',389,112),(391,'2025-01-09',390,111),(392,'2025-12-27',391,110),(393,'2022-02-13',392,109),(394,'2022-02-22',393,108),(395,'2025-10-05',394,107),(396,'2024-08-05',395,106),(397,'2023-10-08',396,105),(398,'2022-03-07',397,104),(399,'2021-02-12',398,103),(400,'2022-01-19',399,102),(401,'2020-02-29',400,101),(402,'2022-07-05',401,100),(403,'2022-02-03',402,99),(404,'2025-04-09',403,98),(405,'2024-10-25',404,97),(406,'2025-12-08',405,96),(407,'2025-05-10',406,95),(408,'2023-02-02',407,94),(409,'2022-12-15',408,93),(410,'2024-01-14',409,92),(411,'2024-08-07',410,91),(412,'2021-01-16',411,90),(413,'2024-11-28',412,89),(414,'2021-06-07',413,88),(415,'2024-09-14',414,87),(416,'2021-01-24',415,86),(417,'2025-08-20',416,85),(418,'2023-09-01',417,84),(419,'2023-12-17',418,83),(420,'2022-08-02',419,82),(421,'2023-01-19',420,81),(422,'2023-12-20',421,80),(423,'2023-04-17',422,79),(424,'2020-05-07',423,78),(425,'2021-10-17',424,77),(426,'2025-09-25',425,76),(427,'2025-12-16',426,75),(428,'2021-05-07',427,74),(429,'2024-10-19',428,73),(430,'2023-05-11',429,72),(431,'2021-08-28',430,71),(432,'2023-02-28',431,70),(433,'2023-11-11',432,69),(434,'2020-01-12',433,68),(435,'2021-09-19',434,67),(436,'2025-05-31',435,66),(437,'2021-05-26',436,65),(438,'2024-09-13',437,64),(439,'2025-09-04',438,63),(440,'2022-06-23',439,62),(441,'2025-10-01',440,61),(442,'2021-08-03',441,60),(443,'2022-08-20',442,59),(444,'2023-03-12',443,58),(445,'2022-02-17',444,57),(446,'2022-10-09',445,56),(447,'2021-10-22',446,55),(448,'2020-10-06',447,54),(449,'2024-01-17',448,53),(450,'2022-05-26',449,52),(451,'2021-10-18',450,51),(452,'2020-11-25',451,50),(453,'2024-07-09',452,49),(454,'2020-05-12',453,48),(455,'2020-06-21',454,47),(456,'2024-09-23',455,46),(457,'2021-08-08',456,45),(458,'2023-07-26',457,44),(459,'2023-05-09',458,43),(460,'2021-07-02',459,42),(461,'2023-04-23',460,41),(462,'2023-01-11',461,40),(463,'2025-12-23',462,39),(464,'2022-06-02',463,38),(465,'2023-11-24',464,37),(466,'2020-01-22',465,36),(467,'2024-05-18',466,35),(468,'2023-06-03',467,34),(469,'2022-01-24',468,33),(470,'2024-11-24',469,32),(471,'2022-03-08',470,31),(472,'2024-02-26',471,30),(473,'2022-05-17',472,29),(474,'2020-06-05',473,28),(475,'2025-05-17',474,27),(476,'2021-07-05',475,26),(477,'2022-11-07',476,25),(478,'2023-10-17',477,24),(479,'2024-03-15',478,23),(480,'2020-01-24',479,22),(481,'2024-10-11',480,21),(482,'2023-04-05',481,20),(483,'2022-01-03',482,19),(484,'2024-06-25',483,18),(485,'2021-07-30',484,17),(486,'2022-06-29',485,16),(487,'2024-07-18',486,15),(488,'2023-02-12',487,14),(489,'2025-12-04',488,13),(490,'2020-06-03',489,12),(491,'2025-01-03',490,11),(492,'2024-03-07',491,10),(493,'2023-11-10',492,9),(494,'2022-07-20',493,8),(495,'2020-01-10',494,7),(496,'2022-08-16',495,6),(497,'2024-05-05',496,5),(498,'2024-11-22',497,4),(499,'2024-12-08',498,3),(500,'2022-06-22',499,2),(501,'2021-01-01',800,501),(502,'2021-01-01',501,800),(503,'2021-01-01',502,799),(504,'2021-01-01',503,798),(505,'2021-01-01',504,797),(506,'2021-01-01',505,796),(507,'2021-01-01',506,795),(508,'2021-01-01',507,794),(509,'2021-01-01',508,793),(510,'2021-01-01',509,792),(511,'2021-01-01',510,791),(512,'2021-01-01',511,790),(513,'2021-01-01',512,789),(514,'2021-01-01',513,788),(515,'2021-01-01',514,787),(516,'2021-01-01',515,786),(517,'2021-01-01',516,785),(518,'2021-01-01',517,784),(519,'2021-01-01',518,783),(520,'2021-01-01',519,782),(521,'2021-01-01',520,781),(522,'2021-01-01',521,780),(523,'2021-01-01',522,779),(524,'2021-01-01',523,778),(525,'2021-01-01',524,777),(526,'2021-01-01',525,776),(527,'2021-01-01',526,775),(528,'2021-01-01',527,774),(529,'2021-01-01',528,773),(530,'2021-01-01',529,772),(531,'2021-01-01',530,771),(532,'2021-01-01',531,770),(533,'2021-01-01',532,769),(534,'2021-01-01',533,768),(535,'2021-01-01',534,767),(536,'2021-01-01',535,766),(537,'2021-01-01',536,765),(538,'2021-01-01',537,764),(539,'2021-01-01',538,763),(540,'2021-01-01',539,762),(541,'2021-01-01',540,761),(542,'2021-01-01',541,760),(543,'2021-01-01',542,759),(544,'2021-01-01',543,758),(545,'2021-01-01',544,757),(546,'2021-01-01',545,756),(547,'2021-01-01',546,755),(548,'2021-01-01',547,754),(549,'2021-01-01',548,753),(550,'2021-01-01',549,752),(551,'2021-01-01',550,751),(552,'2021-01-01',551,750),(553,'2021-01-01',552,749),(554,'2021-01-01',553,748),(555,'2021-01-01',554,747),(556,'2021-01-01',555,746),(557,'2021-01-01',556,745),(558,'2021-01-01',557,744),(559,'2021-01-01',558,743),(560,'2021-01-01',559,742),(561,'2021-01-01',560,741),(562,'2021-01-01',561,740),(563,'2021-01-01',562,739),(564,'2021-01-01',563,738),(565,'2021-01-01',564,737),(566,'2021-01-01',565,736),(567,'2021-01-01',566,735),(568,'2021-01-01',567,734),(569,'2021-01-01',568,733),(570,'2021-01-01',569,732),(571,'2021-01-01',570,731),(572,'2021-01-01',571,730),(573,'2021-01-01',572,729),(574,'2021-01-01',573,728),(575,'2021-01-01',574,727),(576,'2022-01-01',575,726),(577,'2022-01-01',576,725),(578,'2022-01-01',577,724),(579,'2022-01-01',578,723),(580,'2022-01-01',579,722),(581,'2022-01-01',580,721),(582,'2022-01-01',581,720),(583,'2022-01-01',582,719),(584,'2022-01-01',583,718),(585,'2022-01-01',584,717),(586,'2022-01-01',585,716),(587,'2022-01-01',586,715),(588,'2022-01-01',587,714),(589,'2022-01-01',588,713),(590,'2022-01-01',589,712),(591,'2022-01-01',590,711),(592,'2022-01-01',591,710),(593,'2022-01-01',592,709),(594,'2022-01-01',593,708),(595,'2022-01-01',594,707),(596,'2022-01-01',595,706),(597,'2022-01-01',596,705),(598,'2022-01-01',597,704),(599,'2022-01-01',598,703),(600,'2022-01-01',599,702),(601,'2022-01-01',600,701),(602,'2022-01-01',601,700),(603,'2022-01-01',602,699),(604,'2022-01-01',603,698),(605,'2022-01-01',604,697),(606,'2022-01-01',605,696),(607,'2022-01-01',606,695),(608,'2022-01-01',607,694),(609,'2022-01-01',608,693),(610,'2022-01-01',609,692),(611,'2022-01-01',610,691),(612,'2022-01-01',611,690),(613,'2022-01-01',612,689),(614,'2022-01-01',613,688),(615,'2022-01-01',614,687),(616,'2022-01-01',615,686),(617,'2022-01-01',616,685),(618,'2022-01-01',617,684),(619,'2022-01-01',618,683),(620,'2022-01-01',619,682),(621,'2022-01-01',620,681),(622,'2022-01-01',621,680),(623,'2022-01-01',622,679),(624,'2022-01-01',623,678),(625,'2022-01-01',624,677),(626,'2022-01-01',625,676),(627,'2022-01-01',626,675),(628,'2022-01-01',627,674),(629,'2022-01-01',628,673),(630,'2022-01-01',629,672),(631,'2022-01-01',630,671),(632,'2022-01-01',631,670),(633,'2022-01-01',632,669),(634,'2022-01-01',633,668),(635,'2022-01-01',634,667),(636,'2022-01-01',635,666),(637,'2022-01-01',636,665),(638,'2022-01-01',637,664),(639,'2022-01-01',638,663),(640,'2022-01-01',639,662),(641,'2022-01-01',640,661),(642,'2022-01-01',641,660),(643,'2022-01-01',642,659),(644,'2022-01-01',643,658),(645,'2022-01-01',644,657),(646,'2022-01-01',645,656),(647,'2022-01-01',646,655),(648,'2022-01-01',647,654),(649,'2022-01-01',648,653),(650,'2022-01-01',649,652),(651,'2023-01-01',650,651),(652,'2023-01-01',651,650),(653,'2023-01-01',652,649),(654,'2023-01-01',653,648),(655,'2023-01-01',654,647),(656,'2023-01-01',655,646),(657,'2023-01-01',656,645),(658,'2023-01-01',657,644),(659,'2023-01-01',658,643),(660,'2023-01-01',659,642),(661,'2023-01-01',660,641),(662,'2023-01-01',661,640),(663,'2023-01-01',662,639),(664,'2023-01-01',663,638),(665,'2023-01-01',664,637),(666,'2023-01-01',665,636),(667,'2023-01-01',666,635),(668,'2023-01-01',667,634),(669,'2023-01-01',668,633),(670,'2023-01-01',669,632),(671,'2023-01-01',670,631),(672,'2023-01-01',671,630),(673,'2023-01-01',672,629),(674,'2023-01-01',673,628),(675,'2023-01-01',674,627),(676,'2023-01-01',675,626),(677,'2023-01-01',676,625),(678,'2023-01-01',677,624),(679,'2023-01-01',678,623),(680,'2023-01-01',679,622),(681,'2023-01-01',680,621),(682,'2023-01-01',681,620),(683,'2023-01-01',682,619),(684,'2023-01-01',683,618),(685,'2023-01-01',684,617),(686,'2023-01-01',685,616),(687,'2023-01-01',686,615),(688,'2023-01-01',687,614),(689,'2023-01-01',688,613),(690,'2023-01-01',689,612),(691,'2023-01-01',690,611),(692,'2023-01-01',691,610),(693,'2023-01-01',692,609),(694,'2023-01-01',693,608),(695,'2023-01-01',694,607),(696,'2023-01-01',695,606),(697,'2023-01-01',696,605),(698,'2023-01-01',697,604),(699,'2023-01-01',698,603),(700,'2023-01-01',699,602),(701,'2023-01-01',700,601),(702,'2023-01-01',701,600),(703,'2023-01-01',702,599),(704,'2023-01-01',703,598),(705,'2023-01-01',704,597),(706,'2023-01-01',705,596),(707,'2023-01-01',706,595),(708,'2023-01-01',707,594),(709,'2023-01-01',708,593),(710,'2023-01-01',709,592),(711,'2023-01-01',710,591),(712,'2023-01-01',711,590),(713,'2023-01-01',712,589),(714,'2023-01-01',713,588),(715,'2023-01-01',714,587),(716,'2023-01-01',715,586),(717,'2023-01-01',716,585),(718,'2023-01-01',717,584),(719,'2023-01-01',718,583),(720,'2023-01-01',719,582),(721,'2023-01-01',720,581),(722,'2023-01-01',721,580),(723,'2023-01-01',722,579),(724,'2023-01-01',723,578),(725,'2023-01-01',724,577),(726,'2024-01-01',725,576),(727,'2024-01-01',726,575),(728,'2024-01-01',727,574),(729,'2024-01-01',728,573),(730,'2024-01-01',729,572),(731,'2024-01-01',730,571),(732,'2024-01-01',731,570),(733,'2024-01-01',732,569),(734,'2024-01-01',733,568),(735,'2024-01-01',734,567),(736,'2024-01-01',735,566),(737,'2024-01-01',736,565),(738,'2024-01-01',737,564),(739,'2024-01-01',738,563),(740,'2024-01-01',739,562),(741,'2024-01-01',740,561),(742,'2024-01-01',741,560),(743,'2024-01-01',742,559),(744,'2024-01-01',743,558),(745,'2024-01-01',744,557),(746,'2024-01-01',745,556),(747,'2024-01-01',746,555),(748,'2024-01-01',747,554),(749,'2024-01-01',748,553),(750,'2024-01-01',749,552),(751,'2024-01-01',750,551),(752,'2024-01-01',751,550),(753,'2024-01-01',752,549),(754,'2024-01-01',753,548),(755,'2024-01-01',754,547),(756,'2024-01-01',755,546),(757,'2024-01-01',756,545),(758,'2024-01-01',757,544),(759,'2024-01-01',758,543),(760,'2024-01-01',759,542),(761,'2024-01-01',760,541),(762,'2024-01-01',761,540),(763,'2024-01-01',762,539),(764,'2024-01-01',763,538),(765,'2024-01-01',764,537),(766,'2024-01-01',765,536),(767,'2024-01-01',766,535),(768,'2024-01-01',767,534),(769,'2024-01-01',768,533),(770,'2024-01-01',769,532),(771,'2025-01-01',770,531),(772,'2025-01-01',771,530),(773,'2025-01-01',772,529),(774,'2025-01-01',773,528),(775,'2025-01-01',774,527),(776,'2025-01-01',775,526),(777,'2025-01-01',776,525),(778,'2025-01-01',777,524),(779,'2025-01-01',778,523),(780,'2025-01-01',779,522),(781,'2025-01-01',780,521),(782,'2025-01-01',781,520),(783,'2025-01-01',782,519),(784,'2025-01-01',783,518),(785,'2025-01-01',784,517),(786,'2025-01-01',785,516),(787,'2025-01-01',786,515),(788,'2025-01-01',787,514),(789,'2025-01-01',788,513),(790,'2025-01-01',789,512),(791,'2025-01-01',790,511),(792,'2025-01-01',791,510),(793,'2025-01-01',792,509),(794,'2025-01-01',793,508),(795,'2025-01-01',794,507),(796,'2025-01-01',795,506),(797,'2025-01-01',796,505),(798,'2025-01-01',797,504),(799,'2025-01-01',798,503),(800,'2025-01-01',799,502);
/*!40000 ALTER TABLE `equipos` ENABLE KEYS */;
UNLOCK TABLES;

--
-- Table structure for table `jugadores`
--

DROP TABLE IF EXISTS `jugadores`;
/*!40101 SET @saved_cs_client     = @@character_set_client */;
/*!50503 SET character_set_client = utf8mb4 */;
CREATE TABLE `jugadores` (
  `cod_jugador` int NOT NULL,
  `nombre` varchar(45) DEFAULT NULL,
  `edad` tinyint DEFAULT NULL,
  `DNI` varchar(45) DEFAULT NULL,
  `Pais` varchar(45) DEFAULT NULL,
  `lugar_residencia` varchar(45) DEFAULT NULL,
  `ranking` tinyint DEFAULT NULL,
  `M/F` varchar(5) NOT NULL,
  `pro/novel` varchar(5) NOT NULL,
  `posicion_pista` varchar(45) DEFAULT NULL,
  PRIMARY KEY (`cod_jugador`)
) ENGINE=InnoDB DEFAULT CHARSET=utf8mb4 COLLATE=utf8mb4_0900_ai_ci;
/*!40101 SET character_set_client = @saved_cs_client */;

--
-- Dumping data for table `jugadores`
--

LOCK TABLES `jugadores` WRITE;
/*!40000 ALTER TABLE `jugadores` DISABLE KEYS */;
INSERT INTO `jugadores` VALUES (1,'Lucía Pérez',19,'ZEUBGXRR5','Argentina','Málaga',95,'F','Novel','Revés'),(2,'Lucía Gómez',35,'EOQEMYRQ4','Argentina','Málaga',1,'F','Novel','Revés'),(3,'Laura García',36,'ADLKPBAV8','México','Barcelona',60,'F','Novel','Revés'),(4,'Antonio Sánchez',36,'DLRSUTQU6','Chile','Bilbao',86,'M','Pro','Drive'),(5,'Manuel López',33,'SFJVAHBZ2','Chile','Málaga',29,'M','Novel','Revés'),(6,'Manuel Fernández',26,'NQHMTSVA8','Argentina','Bilbao',80,'M','Novel','Drive'),(7,'Carmen López',25,'REMOKGIV9','Brasil','Zaragoza',19,'F','Pro','Revés'),(8,'María Gómez',38,'NFBWKACD9','Portugal','Zaragoza',52,'F','Novel','Drive'),(9,'María Sánchez',30,'CBQMQEDU6','Brasil','Zaragoza',12,'F','Pro','Drive'),(10,'Carlos Sánchez',31,'ROQKMYYM3','Portugal','Madrid',67,'M','Novel','Drive'),(11,'María Gómez',18,'JXVPFBNO2','Italia','Santander',59,'F','Novel','Revés'),(12,'Elena Díaz',33,'SWGTVGZW9','Colombia','Madrid',84,'F','Novel','Revés'),(13,'Elena Díaz',31,'DRPYGXVS7','Francia','Bilbao',63,'F','Pro','Revés'),(14,'Elena Sánchez',44,'GFYJBZBZ2','Francia','Zaragoza',54,'F','Pro','Revés'),(15,'Elena López',31,'OTENUYPM0','Chile','Zaragoza',33,'F','Pro','Revés'),(16,'Pedro Pérez',27,'AWWOSXBR2','Argentina','Madrid',40,'M','Novel','Drive'),(17,'Pedro Fernández',32,'AEKHYXWX5','Chile','Barcelona',17,'M','Pro','Revés'),(18,'Javier Moreno',45,'WYRTKONT9','Colombia','Granada',99,'M','Novel','Revés'),(19,'Javier Vázquez',19,'AZUAQTJL6','Colombia','Santander',82,'M','Novel','Drive'),(20,'Antonio Moreno',22,'JJWNAFQQ6','España','Málaga',3,'M','Novel','Revés'),(21,'Antonio Díaz',37,'BLATMPAJ4','Alemania','Sevilla',51,'M','Pro','Drive'),(22,'María López',26,'VAQRYXEA1','Alemania','Murcia',52,'F','Pro','Drive'),(23,'Manuel Sánchez',35,'HXVWAWWH5','Brasil','Zaragoza',54,'M','Novel','Drive'),(24,'Laura Vázquez',24,'WWXYFCDD5','Brasil','Zaragoza',32,'F','Novel','Drive'),(25,'Manuel Fernández',40,'DLZXUCZM0','España','Madrid',43,'M','Novel','Revés'),(26,'Antonio Martínez',40,'LECVPTOR9','Chile','Valencia',13,'M','Novel','Drive'),(27,'Javier Fernández',37,'FCCQYXLE8','Argentina','Zaragoza',41,'M','Novel','Revés'),(28,'Manuel Sánchez',28,'DLUDWHCR3','Brasil','Valencia',63,'M','Novel','Drive'),(29,'Javier García',34,'WEIGVBQA0','España','Sevilla',81,'M','Pro','Drive'),(30,'Carmen Pérez',44,'HKEXCWTL0','Brasil','Sevilla',1,'F','Pro','Drive'),(31,'Pedro López',40,'BADAGQFT3','España','Santander',93,'M','Pro','Revés'),(32,'Antonio Gómez',28,'FFWIVXAA4','Chile','Valencia',2,'M','Novel','Drive'),(33,'Javier Gómez',31,'OKMWKYQO3','México','Valencia',34,'M','Novel','Drive'),(34,'María García',27,'UZWVCNIB4','Alemania','Barcelona',73,'F','Novel','Revés'),(35,'Elena Sánchez',24,'LPGEUEJJ6','Colombia','Madrid',57,'F','Novel','Revés'),(36,'Antonio Sánchez',42,'YUYDUPKW3','Chile','Barcelona',79,'M','Pro','Drive'),(37,'Javier García',19,'NIUKACVB3','Brasil','Zaragoza',32,'M','Pro','Drive'),(38,'Carmen Fernández',20,'CASNJKUF8','México','Santander',25,'F','Pro','Revés'),(39,'Carlos Martínez',45,'ZPDIDARJ7','Italia','Bilbao',78,'M','Novel','Revés'),(40,'María Moreno',39,'FKOXOLAI9','Colombia','Bilbao',11,'F','Novel','Drive'),(41,'Elena Pérez',44,'MJCIQIGB3','España','Zaragoza',57,'F','Pro','Drive'),(42,'María Martínez',33,'ZEYALIFQ3','España','Sevilla',85,'F','Novel','Revés'),(43,'Lucía Moreno',43,'DRCZJUND8','Colombia','Zaragoza',51,'F','Novel','Drive'),(44,'Javier Vázquez',30,'WCBSWAXB9','España','Bilbao',74,'M','Novel','Drive'),(45,'Antonio Fernández',28,'WDNBCRXZ4','México','Madrid',33,'M','Novel','Revés'),(46,'Antonio Pérez',39,'LCCVIGAF4','Francia','Valencia',24,'M','Pro','Drive'),(47,'Carmen Sánchez',34,'HSBCHFYE6','Colombia','Madrid',50,'F','Pro','Revés'),(48,'Elena López',19,'IAGCQXLA9','Brasil','Valencia',64,'F','Novel','Revés'),(49,'Carmen García',39,'JWTOWTYE8','México','Bilbao',98,'F','Novel','Drive'),(50,'Pedro Vázquez',38,'TGMRTPKX9','Alemania','Madrid',15,'M','Pro','Revés'),(51,'Elena López',20,'TFVDDFFN1','Portugal','Málaga',69,'F','Novel','Drive'),(52,'Antonio Gómez',34,'JJOSWINM1','Francia','Madrid',59,'M','Novel','Revés'),(53,'Manuel Sánchez',22,'ZFEFHOUN5','Italia','Santander',29,'M','Novel','Revés'),(54,'Pedro Fernández',31,'OLKJMHET8','Portugal','Zaragoza',88,'M','Novel','Drive'),(55,'Manuel Díaz',21,'CCHUUJPS9','Alemania','Madrid',77,'M','Novel','Revés'),(56,'Elena García',27,'OCLMETDL5','Portugal','Madrid',43,'F','Pro','Drive'),(57,'Pedro Martínez',28,'CPNICEEA0','España','Barcelona',81,'M','Pro','Drive'),(58,'Elena Moreno',31,'XUJRCFJD9','España','Valencia',32,'F','Novel','Revés'),(59,'María Moreno',40,'HROSNQDU0','Francia','Madrid',46,'F','Novel','Revés'),(60,'María Sánchez',21,'MUXKCUES1','Argentina','Murcia',21,'F','Novel','Revés'),(61,'Pedro Díaz',33,'SRKPVLND1','Alemania','Murcia',65,'M','Pro','Drive'),(62,'Carmen Gómez',30,'IWXZTQEV1','Italia','Zaragoza',84,'F','Novel','Drive'),(63,'Lucía Díaz',29,'TNZXPYTY1','Francia','Murcia',83,'F','Novel','Revés'),(64,'María Gómez',19,'QZETPOEY5','Italia','Sevilla',64,'F','Novel','Drive'),(65,'Carlos Díaz',29,'YYOCSXMO0','Brasil','Sevilla',96,'M','Pro','Drive'),(66,'Javier Sánchez',21,'GITPAPLK2','Alemania','Zaragoza',55,'M','Pro','Drive'),(67,'Carmen Martínez',39,'FACCMHGS0','Italia','Barcelona',41,'F','Novel','Revés'),(68,'Javier Fernández',33,'EWUTBMAS5','España','Granada',6,'M','Pro','Drive'),(69,'María Martínez',20,'HAGVWEYT0','Brasil','Zaragoza',26,'F','Novel','Revés'),(70,'Antonio Vázquez',37,'EKGKJRDH8','Francia','Murcia',30,'M','Novel','Drive'),(71,'Pedro Díaz',20,'CWLEWVDD4','Italia','Murcia',67,'M','Novel','Revés'),(72,'Pedro Vázquez',43,'ENKCVOUV3','Francia','Barcelona',26,'M','Pro','Drive'),(73,'Manuel Martínez',21,'IYFQWXLS5','Portugal','Málaga',80,'M','Novel','Drive'),(74,'Carmen Martínez',41,'NFOUXDCH3','Portugal','Málaga',81,'F','Novel','Drive'),(75,'Antonio Sánchez',20,'OWWVTUEZ6','Portugal','Sevilla',86,'M','Pro','Revés'),(76,'Carmen Gómez',40,'AMEBWPSS2','Francia','Bilbao',46,'F','Novel','Revés'),(77,'Manuel Sánchez',37,'YUAXFJPN2','Francia','Bilbao',8,'M','Pro','Revés'),(78,'María Díaz',39,'AJTPJQPD0','Portugal','Granada',41,'F','Pro','Revés'),(79,'Manuel García',26,'KTPYNVAJ9','Chile','Zaragoza',46,'M','Pro','Drive'),(80,'Carlos Moreno',29,'RTHWNLGC5','Alemania','Málaga',75,'M','Pro','Drive'),(81,'Antonio Pérez',28,'SLRZTWAY0','Argentina','Barcelona',45,'M','Novel','Drive'),(82,'Laura Díaz',36,'AAMAULTK4','Argentina','Murcia',75,'F','Novel','Revés'),(83,'Lucía Díaz',22,'FUWKABGT6','México','Valencia',47,'F','Pro','Drive'),(84,'Manuel López',20,'LNPKFRWP2','Italia','Granada',78,'M','Pro','Drive'),(85,'Laura Gómez',41,'EWNRUNSR6','Italia','Barcelona',14,'F','Pro','Revés'),(86,'Pedro Moreno',26,'DDQQGBNL5','Italia','Valencia',6,'M','Novel','Drive'),(87,'Carmen Sánchez',19,'LCGTIQQL0','España','Granada',92,'F','Pro','Revés'),(88,'Lucía Díaz',22,'INYJPQNW8','México','Zaragoza',100,'F','Novel','Revés'),(89,'Manuel Pérez',36,'NRXFXTBV8','Alemania','Santander',29,'M','Pro','Revés'),(90,'Carmen García',45,'EGAZYFJA7','Chile','Barcelona',97,'F','Pro','Drive'),(91,'Javier Díaz',41,'AJOITSFD2','Colombia','Barcelona',48,'M','Novel','Drive'),(92,'María Pérez',25,'DMZXFLSU4','España','Barcelona',33,'F','Pro','Revés'),(93,'Lucía Sánchez',41,'HZLZYHUI7','Francia','Zaragoza',9,'F','Pro','Revés'),(94,'María Sánchez',45,'ZTRDVNQA4','Portugal','Madrid',84,'F','Novel','Revés'),(95,'Elena Fernández',26,'XKUUQPCD8','España','Bilbao',61,'F','Pro','Revés'),(96,'Pedro García',32,'FTYQDHOO6','Argentina','Málaga',96,'M','Novel','Drive'),(97,'Carlos Fernández',36,'YNNVJPTE9','Italia','Madrid',19,'M','Novel','Revés'),(98,'Javier Díaz',28,'KQIFJVSJ1','Alemania','Málaga',63,'M','Novel','Revés'),(99,'Manuel Gómez',34,'FQCQKLIK7','Portugal','Barcelona',82,'M','Pro','Revés'),(100,'Antonio Vázquez',29,'APMISBOL1','Portugal','Madrid',61,'M','Novel','Revés'),(101,'Laura Gómez',34,'QCXTBUMH9','Portugal','Barcelona',84,'F','Pro','Drive'),(102,'Pedro Pérez',24,'KTBYFGVK6','Italia','Madrid',100,'M','Pro','Revés'),(103,'Elena Díaz',38,'LLJJTNER0','Francia','Santander',83,'F','Novel','Drive'),(104,'Lucía Sánchez',38,'ZTAXGPSX6','Francia','Valencia',79,'F','Pro','Drive'),(105,'Carlos Fernández',41,'XJPBAHZV0','Brasil','Murcia',52,'M','Pro','Revés'),(106,'María Fernández',25,'RWTEPOCG6','Argentina','Málaga',93,'F','Pro','Drive'),(107,'Antonio Pérez',44,'RQLOYCNF9','México','Valencia',37,'M','Pro','Drive'),(108,'Elena Gómez',19,'CXAEMHWN0','Brasil','Zaragoza',54,'F','Novel','Revés'),(109,'Lucía Martínez',40,'LXWUOBEY2','México','Zaragoza',63,'F','Pro','Drive'),(110,'Elena Pérez',18,'QLUKLOTP5','Alemania','Sevilla',61,'F','Pro','Revés'),(111,'María Fernández',24,'AZLUUJMN1','Chile','Bilbao',83,'F','Pro','Drive'),(112,'Elena López',24,'POYRMOIZ3','España','Zaragoza',25,'F','Novel','Revés'),(113,'Pedro Martínez',27,'TDAUBBBB2','México','Málaga',23,'M','Pro','Revés'),(114,'María Moreno',28,'NPAQGDZV0','Brasil','Málaga',54,'F','Novel','Drive'),(115,'Antonio Martínez',26,'TDGLISVD6','Alemania','Santander',83,'M','Pro','Drive'),(116,'María Moreno',41,'PRVVNTLX4','Italia','Valencia',94,'F','Novel','Drive'),(117,'Antonio López',37,'GAWIUSMP4','Argentina','Granada',98,'M','Pro','Drive'),(118,'Antonio Gómez',19,'LSRPKJEP6','Brasil','Barcelona',82,'M','Pro','Drive'),(119,'Elena Vázquez',39,'AGXIQPID3','España','Granada',88,'F','Pro','Revés'),(120,'Manuel Moreno',40,'GCZGBMET3','México','Málaga',64,'M','Novel','Revés'),(121,'María Gómez',26,'ENCOAMLU7','México','Málaga',43,'F','Novel','Drive'),(122,'Antonio Fernández',31,'DDIBAFFZ2','Argentina','Barcelona',22,'M','Pro','Revés'),(123,'Lucía Pérez',44,'JBFKVQNB0','Brasil','Santander',21,'F','Novel','Revés'),(124,'Carlos Díaz',32,'SMCVVTKD4','Alemania','Málaga',51,'M','Novel','Drive'),(125,'Pedro López',33,'JXXGFMFU5','Colombia','Madrid',32,'M','Pro','Revés'),(126,'María López',27,'CXYPUHEW2','España','Murcia',24,'F','Novel','Drive'),(127,'Javier Moreno',30,'OSCSQLYI8','México','Sevilla',15,'M','Pro','Drive'),(128,'Lucía Díaz',44,'ULOUXGHA8','Argentina','Zaragoza',39,'F','Novel','Revés'),(129,'Laura Gómez',23,'UHFZGEHD7','Francia','Santander',96,'F','Pro','Drive'),(130,'Carlos Gómez',22,'KKWFCCZF9','Brasil','Zaragoza',54,'M','Novel','Revés'),(131,'María Fernández',19,'SVOQPOKP4','España','Barcelona',63,'F','Novel','Drive'),(132,'Antonio Fernández',45,'ZJZJIGWK2','Colombia','Zaragoza',76,'M','Novel','Revés'),(133,'Laura García',30,'TQYGCUZP0','Alemania','Bilbao',94,'F','Novel','Drive'),(134,'Javier Moreno',29,'VFPJJISZ3','Chile','Málaga',72,'M','Pro','Drive'),(135,'Laura García',42,'TZFHIUVC2','España','Madrid',53,'F','Novel','Revés'),(136,'Antonio Martínez',21,'YUDVIMCD1','Francia','Málaga',35,'M','Pro','Revés'),(137,'Pedro Pérez',19,'UAPZYXJW6','Argentina','Barcelona',12,'M','Pro','Drive'),(138,'Pedro Moreno',43,'XDYCQERG1','Francia','Málaga',14,'M','Novel','Revés'),(139,'Carmen Díaz',27,'KDSBKZTZ3','Colombia','Madrid',78,'F','Novel','Drive'),(140,'Pedro Martínez',36,'LVGRLOVE8','Italia','Granada',95,'M','Novel','Revés'),(141,'Lucía Martínez',44,'YLGSQYSF7','Italia','Madrid',56,'F','Novel','Revés'),(142,'Javier Díaz',39,'VCXHPBOT4','Colombia','Sevilla',45,'M','Novel','Drive'),(143,'Antonio Fernández',23,'PFIMDQFU2','Brasil','Santander',97,'M','Novel','Revés'),(144,'Carmen Martínez',43,'RCJQKMTV2','Brasil','Bilbao',61,'F','Pro','Revés'),(145,'Carlos López',26,'JLYLCEHY5','Alemania','Bilbao',62,'M','Pro','Drive'),(146,'Carmen Fernández',39,'AFTGJEVK2','Francia','Málaga',22,'F','Novel','Drive'),(147,'Elena Martínez',32,'BHVOGQTO3','Portugal','Barcelona',83,'F','Novel','Drive'),(148,'Carmen Díaz',40,'TAPARPWR3','España','Granada',63,'F','Pro','Revés'),(149,'Pedro Fernández',45,'BWAHNPIB8','Argentina','Málaga',62,'M','Pro','Drive'),(150,'María López',37,'LYQUFOEE2','Francia','Madrid',59,'F','Pro','Revés'),(151,'Carlos Vázquez',20,'ZNIYCKGR5','Francia','Sevilla',79,'M','Novel','Drive'),(152,'Laura García',43,'IBIRPMLN7','México','Santander',6,'F','Novel','Revés'),(153,'Lucía Díaz',36,'BQCRGBPO9','Italia','Zaragoza',58,'F','Pro','Revés'),(154,'Manuel Martínez',40,'QTWCQHRN2','Alemania','Barcelona',17,'M','Novel','Drive'),(155,'Javier Martínez',45,'NRSYNPQU5','Argentina','Madrid',71,'M','Novel','Drive'),(156,'Elena Díaz',40,'FVPCCZVD3','Portugal','Santander',66,'F','Pro','Drive'),(157,'Manuel Vázquez',40,'UMLNCJJM7','Argentina','Bilbao',31,'M','Pro','Drive'),(158,'Laura Fernández',32,'NDCGQUKK2','España','Murcia',53,'F','Pro','Revés'),(159,'María García',41,'WIRNCCMN1','Chile','Málaga',8,'F','Pro','Drive'),(160,'Laura Pérez',19,'WBPAPJHP9','Italia','Santander',58,'F','Pro','Drive'),(161,'Elena López',29,'EFBCVDSA7','Francia','Madrid',84,'F','Novel','Drive'),(162,'Elena Gómez',29,'MTRPPZIT3','España','Zaragoza',16,'F','Pro','Revés'),(163,'Carmen Vázquez',19,'KPDPRJLC8','Alemania','Granada',70,'F','Pro','Revés'),(164,'Carlos Gómez',22,'HRTQMYOX3','Argentina','Bilbao',20,'M','Novel','Revés'),(165,'Javier Pérez',33,'YVPMXSFI9','Argentina','Valencia',8,'M','Pro','Revés'),(166,'Pedro García',22,'CYKQMDJR6','Chile','Barcelona',7,'M','Novel','Revés'),(167,'Antonio Sánchez',27,'PWDGKJUW5','México','Zaragoza',99,'M','Novel','Drive'),(168,'María Pérez',34,'EJNKQNLM6','Italia','Madrid',25,'F','Pro','Drive'),(169,'Elena Fernández',28,'XPITVUYK4','España','Murcia',26,'F','Novel','Drive'),(170,'Javier Díaz',33,'CAWSPZGC3','Italia','Valencia',57,'M','Novel','Revés'),(171,'Carlos Díaz',26,'GSHEEAZQ0','Portugal','Barcelona',98,'M','Novel','Revés'),(172,'Elena Martínez',23,'UWPEZOAW0','España','Bilbao',82,'F','Novel','Revés'),(173,'Lucía Sánchez',26,'QMORPZCT3','Chile','Murcia',67,'F','Novel','Drive'),(174,'Pedro Vázquez',31,'IZTHGFUL9','Argentina','Barcelona',79,'M','Pro','Drive'),(175,'María López',18,'RFGEROIA4','Portugal','Zaragoza',39,'F','Novel','Drive'),(176,'María Díaz',25,'OIBRWJRU2','Colombia','Málaga',68,'F','Novel','Revés'),(177,'Carmen Gómez',40,'KFGVNROV3','Portugal','Madrid',79,'F','Novel','Revés'),(178,'Antonio López',26,'GMAWZTKZ0','España','Santander',49,'M','Novel','Drive'),(179,'Lucía García',40,'JODSBTHG1','Italia','Málaga',100,'F','Novel','Drive'),(180,'Javier Pérez',39,'CRGJNEFA4','Argentina','Madrid',62,'M','Pro','Drive'),(181,'Lucía García',31,'WCHGLVCU3','Argentina','Madrid',91,'F','Novel','Revés'),(182,'Laura López',34,'BUMQEYPP7','España','Málaga',30,'F','Pro','Drive'),(183,'Javier Martínez',26,'SOOBPRGJ1','Francia','Granada',18,'M','Pro','Revés'),(184,'Carmen Pérez',33,'SAXGHRFL3','Italia','Bilbao',78,'F','Novel','Revés'),(185,'Javier Martínez',35,'HVIZLFGX8','Francia','Zaragoza',19,'M','Pro','Revés'),(186,'Antonio Sánchez',21,'OXGPEPXK9','Alemania','Madrid',27,'M','Novel','Drive'),(187,'María Díaz',39,'TCHKTAHT5','Alemania','Barcelona',18,'F','Novel','Revés'),(188,'Laura Martínez',38,'XTJAHLTR9','Portugal','Granada',73,'F','Pro','Drive'),(189,'María Sánchez',25,'ZLSNPWEE0','Portugal','Zaragoza',36,'F','Novel','Revés'),(190,'Laura Díaz',43,'OQVZZSDX4','Alemania','Zaragoza',96,'F','Pro','Drive'),(191,'Elena Gómez',37,'FAKJLWVG7','Italia','Málaga',58,'F','Pro','Drive'),(192,'Antonio García',43,'WHPDULHD0','Italia','Murcia',82,'M','Novel','Revés'),(193,'Laura Gómez',34,'LEEYGLOU6','Brasil','Sevilla',39,'F','Novel','Drive'),(194,'María Gómez',32,'IQLXVKPK6','Chile','Bilbao',12,'F','Pro','Revés'),(195,'Elena Fernández',26,'LXWBWSZW1','Brasil','Sevilla',15,'F','Novel','Drive'),(196,'Elena Vázquez',33,'JJPZQAQR3','Francia','Madrid',68,'F','Pro','Revés'),(197,'Manuel Gómez',24,'AIWMMKWA7','Colombia','Madrid',37,'M','Pro','Drive'),(198,'Javier Vázquez',45,'USKGLBGW4','Italia','Málaga',94,'M','Novel','Drive'),(199,'Carlos Martínez',33,'APTOMKTJ5','Brasil','Murcia',14,'M','Pro','Revés'),(200,'Antonio Vázquez',22,'CAXHSDQN1','México','Málaga',60,'M','Pro','Drive'),(201,'Carlos López',41,'GSQKINXW0','Italia','Barcelona',97,'M','Pro','Drive'),(202,'Carlos Gómez',21,'NBFKUMWD7','Brasil','Santander',41,'M','Pro','Drive'),(203,'María Díaz',42,'UZRHAABI9','México','Zaragoza',55,'F','Pro','Revés'),(204,'Antonio García',24,'QIEURPPP5','Brasil','Madrid',29,'M','Pro','Drive'),(205,'Laura García',37,'HFANQLWI7','Francia','Málaga',75,'F','Pro','Drive'),(206,'María García',38,'EFLHXWVE8','Francia','Santander',88,'F','Pro','Drive'),(207,'Lucía Fernández',23,'LMWOWPTF7','Chile','Santander',40,'F','Novel','Revés'),(208,'Antonio García',20,'SMOLCOPO6','México','Sevilla',79,'M','Pro','Revés'),(209,'María Vázquez',24,'QOPEMKCJ6','Francia','Valencia',69,'F','Pro','Drive'),(210,'Lucía Moreno',25,'FRPBIFFP5','Italia','Zaragoza',43,'F','Pro','Drive'),(211,'Manuel Pérez',25,'JTURDKMO8','Alemania','Madrid',48,'M','Pro','Drive'),(212,'Pedro Pérez',38,'VGBHVUDM7','Chile','Valencia',21,'M','Pro','Revés'),(213,'Carmen Sánchez',35,'PNHWSYEX0','Francia','Málaga',98,'F','Novel','Drive'),(214,'Carmen Fernández',26,'ZIEVLFTJ5','Argentina','Sevilla',22,'F','Novel','Revés'),(215,'María Vázquez',32,'VJKRDPOI5','Brasil','Zaragoza',41,'F','Novel','Revés'),(216,'María López',21,'VOZKITUP9','Francia','Málaga',16,'F','Pro','Drive'),(217,'Laura López',23,'YDBQIFUD7','Italia','Murcia',7,'F','Pro','Revés'),(218,'Manuel Moreno',43,'GRIWDVTP3','Francia','Valencia',87,'M','Pro','Drive'),(219,'Carlos García',45,'YPBYFLUF9','Chile','Madrid',48,'M','Novel','Revés'),(220,'María Pérez',30,'JBOPEWGX7','Portugal','Granada',41,'F','Novel','Drive'),(221,'Pedro Moreno',34,'FGZPEYHG6','Francia','Granada',4,'M','Pro','Revés'),(222,'Laura Díaz',20,'MKCAGIOJ9','Italia','Madrid',31,'F','Pro','Revés'),(223,'Lucía Moreno',37,'WKQLJLHS3','Argentina','Zaragoza',80,'F','Pro','Revés'),(224,'Manuel López',41,'WLRQMHCE9','España','Granada',12,'M','Novel','Revés'),(225,'Carmen García',20,'VDSYJAVS1','Alemania','Sevilla',4,'F','Novel','Revés'),(226,'Javier García',29,'FEGEHWCP1','Argentina','Zaragoza',54,'M','Novel','Revés'),(227,'Lucía Fernández',29,'EXTNKYON1','Italia','Santander',39,'F','Pro','Revés'),(228,'Elena García',22,'IOKKCSCS9','Colombia','Barcelona',3,'F','Novel','Revés'),(229,'Lucía Fernández',40,'FPQIHFCT4','Italia','Málaga',69,'F','Pro','Revés'),(230,'Manuel Sánchez',25,'ZFEEIPTH7','Francia','Zaragoza',51,'M','Novel','Drive'),(231,'Lucía López',35,'IMZHSIYK8','Brasil','Barcelona',56,'F','Pro','Drive'),(232,'Pedro Vázquez',36,'WLXLFCUV6','Colombia','Madrid',62,'M','Pro','Revés'),(233,'Javier Díaz',28,'ZMFSCRCZ8','Colombia','Santander',85,'M','Novel','Revés'),(234,'Carlos Gómez',41,'NINLUXCZ8','Argentina','Barcelona',95,'M','Pro','Drive'),(235,'María Fernández',24,'JJHLUDFW8','Brasil','Bilbao',76,'F','Pro','Revés'),(236,'Manuel Díaz',20,'MYFLNVGJ5','Chile','Santander',90,'M','Novel','Revés'),(237,'Laura Martínez',36,'SVREWSKJ3','España','Murcia',23,'F','Pro','Revés'),(238,'Laura Pérez',43,'MKSUHRUF2','Italia','Málaga',20,'F','Pro','Drive'),(239,'Antonio Pérez',39,'OGAEPNGL1','Colombia','Sevilla',66,'M','Novel','Revés'),(240,'María Martínez',34,'QJSDRFLW5','Portugal','Granada',24,'F','Novel','Drive'),(241,'María Martínez',22,'LVAIBGBT0','Francia','Valencia',4,'F','Novel','Revés'),(242,'Lucía López',41,'AFONLKAZ7','España','Granada',12,'F','Novel','Drive'),(243,'Pedro Díaz',36,'QCSRLTTC4','Argentina','Bilbao',66,'M','Pro','Revés'),(244,'Laura López',25,'AWHEQHXD4','Chile','Sevilla',26,'F','Novel','Drive'),(245,'Carlos Pérez',31,'QURBVFTA8','Italia','Bilbao',69,'M','Novel','Revés'),(246,'Javier Pérez',45,'RCROLDOC6','Chile','Granada',38,'M','Pro','Revés'),(247,'Laura Sánchez',33,'OTTECLPB1','Colombia','Valencia',35,'F','Novel','Drive'),(248,'María García',23,'UEWISNPU1','Argentina','Bilbao',14,'F','Pro','Revés'),(249,'Pedro Martínez',27,'XUKSNQKW2','México','Málaga',77,'M','Pro','Drive'),(250,'María Martínez',43,'OEGFDYAH3','Italia','Málaga',46,'F','Pro','Drive'),(251,'Carmen Pérez',18,'VMIOWWYM3','España','Santander',12,'F','Pro','Drive'),(252,'Javier Díaz',33,'GWLIQOWO0','Chile','Granada',14,'M','Pro','Drive'),(253,'Antonio García',34,'ITQLJION5','México','Murcia',51,'M','Pro','Revés'),(254,'Elena Pérez',31,'QJLEHGHN4','Chile','Murcia',48,'F','Novel','Drive'),(255,'Manuel Fernández',41,'HUAKDBFY4','México','Santander',93,'M','Pro','Revés'),(256,'María Pérez',32,'CGFKBAEP7','España','Barcelona',79,'F','Novel','Revés'),(257,'Javier Pérez',20,'ZVPUMIEG7','Italia','Barcelona',30,'M','Novel','Revés'),(258,'Javier Pérez',29,'ZJCVZEZD3','España','Zaragoza',16,'M','Pro','Revés'),(259,'Carlos Díaz',35,'DXFIQNCB1','Colombia','Granada',57,'M','Pro','Drive'),(260,'Carmen Pérez',23,'WQIHHRYR2','Alemania','Sevilla',8,'F','Novel','Drive'),(261,'Lucía Martínez',44,'NKXVFSWX2','Colombia','Bilbao',75,'F','Pro','Revés'),(262,'Carmen Fernández',22,'DUCSSAMH7','Francia','Barcelona',81,'F','Pro','Revés'),(263,'Elena Pérez',36,'RDJQFFPG4','Brasil','Madrid',74,'F','Pro','Drive'),(264,'Manuel Martínez',44,'UTQLTJCK8','Brasil','Bilbao',81,'M','Pro','Drive'),(265,'María Gómez',40,'ZBHLBFBP3','Argentina','Madrid',13,'F','Novel','Revés'),(266,'Javier Vázquez',39,'CRYKVOIP3','Italia','Málaga',71,'M','Novel','Revés'),(267,'Manuel Fernández',45,'BPVTDNAP1','Chile','Barcelona',22,'M','Novel','Revés'),(268,'Manuel García',22,'NEAOMOKL6','Brasil','Granada',83,'M','Pro','Drive'),(269,'Manuel Pérez',42,'RQUNCRSP4','Chile','Málaga',16,'M','Pro','Revés'),(270,'Antonio Vázquez',42,'FDJQCMJA6','Alemania','Santander',18,'M','Pro','Drive'),(271,'Pedro Gómez',34,'NSZCFOCP5','Alemania','Zaragoza',23,'M','Novel','Drive'),(272,'Lucía Fernández',39,'UURUPWXC0','Alemania','Barcelona',13,'F','Pro','Drive'),(273,'Carmen Sánchez',31,'DJPFPTRD5','Italia','Bilbao',91,'F','Pro','Revés'),(274,'Antonio Gómez',19,'DNJZMHPA7','Brasil','Santander',46,'M','Novel','Revés'),(275,'Elena Fernández',22,'WQLNTRUC3','Francia','Santander',78,'F','Novel','Revés'),(276,'Carlos López',35,'LIAZHRYO0','Chile','Sevilla',94,'M','Novel','Drive'),(277,'María Fernández',21,'XJTVCJQK1','Chile','Madrid',12,'F','Novel','Drive'),(278,'María Pérez',43,'JHNPMILI9','Colombia','Sevilla',13,'F','Novel','Drive'),(279,'Lucía López',39,'JBIYVYLC9','Chile','Barcelona',83,'F','Pro','Drive'),(280,'Pedro Díaz',33,'FXXKEOWZ1','Portugal','Málaga',38,'M','Pro','Revés'),(281,'Javier Pérez',19,'RSNUVSRB2','México','Zaragoza',21,'M','Pro','Revés'),(282,'Carmen Fernández',21,'UKZRJPIO1','Colombia','Murcia',74,'F','Pro','Revés'),(283,'Antonio Pérez',36,'QZLNSKDC4','Italia','Madrid',16,'M','Novel','Drive'),(284,'Lucía García',34,'FDDZKDHM9','Chile','Bilbao',69,'F','Pro','Revés'),(285,'Laura Martínez',21,'IKYMBIXX1','México','Bilbao',80,'F','Novel','Revés'),(286,'Carlos Moreno',34,'UYWKQYSH5','Argentina','Zaragoza',77,'M','Novel','Drive'),(287,'Lucía López',28,'VLSZNPLZ3','Alemania','Granada',97,'F','Novel','Revés'),(288,'Manuel Fernández',24,'IRYVVSTB0','Argentina','Málaga',10,'M','Pro','Drive'),(289,'Laura Sánchez',36,'BKESQMCK4','Italia','Málaga',98,'F','Novel','Drive'),(290,'Antonio Gómez',36,'ALFIEBMF4','Alemania','Madrid',58,'M','Novel','Drive'),(291,'Manuel Díaz',33,'ADMUDHKG9','Argentina','Málaga',39,'M','Pro','Revés'),(292,'María Gómez',33,'VKWDGHVI0','España','Madrid',29,'F','Novel','Revés'),(293,'Manuel Pérez',20,'LZKLTTHM6','Chile','Barcelona',63,'M','Novel','Revés'),(294,'Carlos Vázquez',34,'XRWZPFMC6','Portugal','Barcelona',61,'M','Novel','Drive'),(295,'Carmen García',24,'MNBKFYJS1','Argentina','Bilbao',31,'F','Pro','Revés'),(296,'Carlos Sánchez',20,'MRXGRHOW3','Chile','Barcelona',59,'M','Novel','Revés'),(297,'Laura Fernández',40,'UPXGCRGM5','México','Málaga',88,'F','Pro','Drive'),(298,'María García',20,'ELHZVTRG2','México','Zaragoza',22,'F','Pro','Drive'),(299,'Antonio Pérez',33,'TSFZNJPI5','Italia','Málaga',52,'M','Pro','Revés'),(300,'Carmen Moreno',45,'JWWBJOUS0','Alemania','Valencia',24,'F','Novel','Drive'),(301,'Manuel García',41,'NDPVWJBV5','Portugal','Granada',27,'M','Pro','Revés'),(302,'Javier Gómez',33,'QFIEVPRR3','Colombia','Málaga',40,'M','Novel','Revés'),(303,'Lucía Pérez',21,'CCFKBUAR3','Colombia','Málaga',22,'F','Pro','Revés'),(304,'Manuel Sánchez',44,'QJOZSSEE0','Chile','Bilbao',35,'M','Novel','Revés'),(305,'María López',31,'CXVNSGHK7','Francia','Valencia',56,'F','Novel','Drive'),(306,'Javier Vázquez',44,'XMJKZUYH5','Argentina','Valencia',16,'M','Novel','Revés'),(307,'Elena López',44,'OHKPCAES2','México','Bilbao',42,'F','Novel','Drive'),(308,'Lucía Gómez',43,'COHWZHWB7','México','Málaga',49,'F','Novel','Revés'),(309,'Carmen López',19,'UIFAIXQG2','Italia','Valencia',10,'F','Pro','Drive'),(310,'Antonio López',18,'NNYDGQDU6','Brasil','Granada',98,'M','Pro','Drive'),(311,'María Moreno',20,'IZGNIQAR9','México','Madrid',18,'F','Pro','Drive'),(312,'Manuel Fernández',45,'XMUFOZRQ5','Argentina','Málaga',74,'M','Pro','Revés'),(313,'María Gómez',31,'WZHKRIFJ5','Francia','Santander',47,'F','Novel','Drive'),(314,'Carmen Gómez',35,'PTVJFNCG0','Chile','Barcelona',55,'F','Pro','Revés'),(315,'Carlos López',37,'HHYGEZUL6','México','Sevilla',88,'M','Novel','Revés'),(316,'Manuel Martínez',19,'JDGTSNAR2','Francia','Sevilla',36,'M','Pro','Revés'),(317,'Javier Díaz',34,'LHCVXWGJ3','Portugal','Murcia',39,'M','Pro','Drive'),(318,'María Gómez',29,'HKJNMOBN4','Alemania','Valencia',49,'F','Novel','Drive'),(319,'Manuel Pérez',32,'JGRYRBJC5','Colombia','Santander',1,'M','Novel','Revés'),(320,'Antonio Gómez',38,'MWNONCXC2','Chile','Bilbao',59,'M','Novel','Drive'),(321,'Carmen Gómez',29,'CBPFNRCT5','Alemania','Murcia',43,'F','Pro','Revés'),(322,'Manuel Moreno',18,'TNKBZZXC4','Portugal','Zaragoza',46,'M','Novel','Revés'),(323,'Carlos Martínez',29,'HTRZMZTG2','Italia','Santander',85,'M','Pro','Revés'),(324,'Antonio López',19,'XHATMBFA8','Colombia','Madrid',55,'M','Novel','Drive'),(325,'Carmen Pérez',26,'VHLMWVXN6','Alemania','Madrid',63,'F','Novel','Drive'),(326,'Pedro Vázquez',45,'AUGOCAHM1','Alemania','Valencia',88,'M','Pro','Drive'),(327,'Manuel Moreno',24,'FFJZJQJJ2','Francia','Madrid',84,'M','Pro','Revés'),(328,'Laura Martínez',35,'EQGYOXVT4','Italia','Murcia',85,'F','Pro','Revés'),(329,'María López',28,'GBCKVWDO2','Italia','Valencia',7,'F','Novel','Drive'),(330,'Laura Gómez',44,'HVYISCMB0','España','Granada',73,'F','Novel','Drive'),(331,'Javier López',41,'LTCQPRCL8','Colombia','Bilbao',47,'M','Pro','Revés'),(332,'Carlos Fernández',40,'YKQQABYN1','Argentina','Valencia',47,'M','Pro','Revés'),(333,'Javier Pérez',32,'HQCJKGFN4','Francia','Madrid',42,'M','Novel','Drive'),(334,'Carlos López',25,'ZLMWMKJI2','Portugal','Murcia',36,'M','Pro','Drive'),(335,'Lucía Moreno',21,'OQHJVKAN7','México','Granada',48,'F','Novel','Revés'),(336,'Laura Gómez',26,'HSDEHTMY3','Colombia','Valencia',22,'F','Novel','Revés'),(337,'Manuel Gómez',36,'WPGOSLQO8','Portugal','Zaragoza',7,'M','Novel','Drive'),(338,'Elena Fernández',28,'ALLREPAA9','Chile','Santander',51,'F','Novel','Revés'),(339,'Carmen García',34,'FZWOBXYB3','Italia','Valencia',90,'F','Pro','Revés'),(340,'Laura Sánchez',20,'UOCYRKDX6','Italia','Málaga',83,'F','Novel','Revés'),(341,'Pedro Díaz',23,'TKMYMKOV1','Brasil','Barcelona',39,'M','Novel','Revés'),(342,'Laura Fernández',28,'SRKBGAND5','Colombia','Valencia',3,'F','Novel','Drive'),(343,'Manuel Díaz',40,'ZHGLVASW2','Alemania','Sevilla',99,'M','Pro','Revés'),(344,'Carmen Díaz',22,'QVYMATXO1','Alemania','Murcia',86,'F','Pro','Drive'),(345,'María Díaz',28,'GLOYFXCC3','España','Sevilla',20,'F','Novel','Drive'),(346,'Antonio Pérez',42,'NMFORQBK9','Portugal','Granada',41,'M','Novel','Drive'),(347,'Carmen Pérez',23,'LOXTQZFG9','Brasil','Valencia',70,'F','Pro','Revés'),(348,'Carmen Pérez',32,'WBVAUPUK2','España','Valencia',82,'F','Novel','Drive'),(349,'Javier Gómez',33,'LOQTYQWZ9','Portugal','Zaragoza',92,'M','Novel','Revés'),(350,'Pedro Vázquez',23,'HUOZIVVZ4','Italia','Bilbao',94,'M','Novel','Drive'),(351,'Elena Gómez',37,'UDCFRMVD2','Argentina','Murcia',9,'F','Pro','Drive'),(352,'Laura Díaz',28,'GVNDYIRI1','Francia','Málaga',26,'F','Pro','Revés'),(353,'Javier Sánchez',42,'URJNCXNS3','Colombia','Madrid',15,'M','Pro','Revés'),(354,'Javier García',26,'PREKAUPR8','Alemania','Madrid',79,'M','Pro','Drive'),(355,'María Vázquez',24,'NSBETUHB6','México','Bilbao',97,'F','Pro','Drive'),(356,'Lucía Díaz',20,'IHTCHVJJ3','Alemania','Barcelona',74,'F','Novel','Revés'),(357,'Pedro Díaz',41,'XCCTAMHZ8','Italia','Sevilla',71,'M','Pro','Drive'),(358,'Elena Pérez',20,'BQBOHBTC7','Brasil','Murcia',26,'F','Pro','Drive'),(359,'Manuel Díaz',20,'MHHHDPXO5','Chile','Málaga',21,'M','Pro','Drive'),(360,'Carmen López',35,'DTYNDPAE4','México','Sevilla',22,'F','Pro','Revés'),(361,'Antonio Sánchez',19,'HEBOZRUS4','Brasil','Sevilla',57,'M','Pro','Revés'),(362,'Pedro Pérez',44,'ONNYXISC6','Brasil','Murcia',20,'M','Pro','Revés'),(363,'Javier García',27,'CLPQYUZB7','Brasil','Sevilla',35,'M','Pro','Revés'),(364,'Lucía Moreno',31,'PEDHELTF0','Alemania','Barcelona',2,'F','Novel','Revés'),(365,'Manuel Sánchez',20,'XWBUOOPZ8','Francia','Zaragoza',46,'M','Novel','Revés'),(366,'Lucía Sánchez',25,'SFPOKNCM3','Portugal','Madrid',77,'F','Novel','Drive'),(367,'Carmen Moreno',35,'TGHGVZSR2','Portugal','Madrid',89,'F','Pro','Revés'),(368,'Elena López',19,'CMLFIATA5','Portugal','Valencia',80,'F','Novel','Drive'),(369,'Carmen Vázquez',23,'KTOEVVSH1','Argentina','Zaragoza',90,'F','Pro','Drive'),(370,'Antonio López',25,'EOZCRFBQ2','Portugal','Bilbao',7,'M','Novel','Drive'),(371,'Antonio Vázquez',43,'NLHNKNZA6','México','Barcelona',7,'M','Pro','Revés'),(372,'María Martínez',31,'OIFCTVCJ3','Brasil','Santander',92,'F','Novel','Revés'),(373,'Manuel Martínez',22,'WAEVYCWL3','México','Granada',56,'M','Pro','Revés'),(374,'Pedro Fernández',43,'RFYGSEMQ8','Italia','Murcia',17,'M','Pro','Revés'),(375,'Pedro Vázquez',27,'NSFCLGHY4','Portugal','Sevilla',53,'M','Novel','Drive'),(376,'Pedro Martínez',18,'RPFOTNDI1','España','Valencia',37,'M','Pro','Drive'),(377,'Carlos Pérez',27,'RTDZQXQA3','Brasil','Zaragoza',97,'M','Novel','Revés'),(378,'Lucía Moreno',36,'PBNFGLPS3','Colombia','Valencia',89,'F','Novel','Revés'),(379,'María Moreno',40,'TAVZRXAQ6','Argentina','Sevilla',23,'F','Novel','Drive'),(380,'Javier Martínez',42,'OGAHUKAS5','Italia','Valencia',87,'M','Novel','Drive'),(381,'Manuel López',35,'UEXCALQY2','Colombia','Granada',9,'M','Pro','Drive'),(382,'Laura García',21,'DFAPVRTI9','México','Santander',21,'F','Novel','Drive'),(383,'Manuel Pérez',38,'HRZZJXFD1','Francia','Zaragoza',8,'M','Pro','Revés'),(384,'Javier Fernández',22,'JRWLQANP0','Brasil','Valencia',57,'M','Novel','Drive'),(385,'Elena Fernández',45,'LXVXJNTB9','Alemania','Bilbao',74,'F','Pro','Revés'),(386,'Lucía Moreno',21,'FXKIYZFT2','Argentina','Madrid',17,'F','Pro','Revés'),(387,'Elena Sánchez',24,'SMSKABBM1','Chile','Valencia',67,'F','Novel','Drive'),(388,'Antonio Fernández',19,'ECNUOYJX2','Chile','Sevilla',25,'M','Novel','Drive'),(389,'Carmen Gómez',25,'HXZXAJQV5','Argentina','Valencia',14,'F','Novel','Drive'),(390,'Javier García',44,'GQNZRADN0','España','Valencia',44,'M','Pro','Drive'),(391,'Elena Sánchez',33,'KWQPXYVF9','México','Málaga',56,'F','Pro','Revés'),(392,'Antonio Gómez',37,'GHMTJNHZ1','Colombia','Málaga',10,'M','Novel','Revés'),(393,'Pedro Gómez',30,'BLICLSST5','Brasil','Valencia',53,'M','Pro','Drive'),(394,'Laura Gómez',27,'CGLZYIJR2','Argentina','Málaga',7,'F','Pro','Revés'),(395,'María Martínez',19,'ESXGLJUW4','Portugal','Zaragoza',57,'F','Pro','Drive'),(396,'Manuel Sánchez',34,'DPKSHDHL3','Portugal','Sevilla',64,'M','Novel','Drive'),(397,'Pedro Pérez',20,'OVWRWFJM2','Italia','Zaragoza',29,'M','Novel','Drive'),(398,'Elena Gómez',23,'CSXNIIDZ3','México','Granada',30,'F','Pro','Drive'),(399,'Carlos Gómez',36,'CDAEDVFR6','Francia','Málaga',54,'M','Pro','Revés'),(400,'Lucía García',35,'TCLRMCXO5','Italia','Granada',10,'F','Pro','Revés'),(401,'Carlos Martínez',31,'GMCTNLEG5','Argentina','Murcia',29,'M','Novel','Revés'),(402,'Pedro Martínez',31,'LIQHWQUE9','Alemania','Sevilla',1,'M','Novel','Revés'),(403,'Javier Sánchez',44,'FVJMQRXQ7','Alemania','Madrid',43,'M','Novel','Drive'),(404,'Manuel Díaz',27,'GCFPOGRT5','Italia','Murcia',61,'M','Novel','Revés'),(405,'Carlos Díaz',40,'WBMXJYKD7','Brasil','Murcia',67,'M','Pro','Revés'),(406,'Antonio García',31,'HVFJOJKO2','Argentina','Murcia',88,'M','Pro','Drive'),(407,'Javier Gómez',36,'OFQOJMFF3','Italia','Sevilla',31,'M','Novel','Revés'),(408,'Manuel López',31,'MFGZNTDN3','Chile','Zaragoza',24,'M','Pro','Drive'),(409,'Antonio Sánchez',35,'QQUUPDAE2','Brasil','Málaga',70,'M','Novel','Revés'),(410,'Manuel Martínez',26,'MFRVEFWQ5','Brasil','Murcia',40,'M','Novel','Revés'),(411,'María Díaz',20,'JPZDCVVS4','Colombia','Valencia',84,'F','Novel','Revés'),(412,'Laura López',34,'OTHDYDNG0','Alemania','Murcia',40,'F','Novel','Revés'),(413,'Javier Vázquez',36,'ITJQRLRY8','Brasil','Zaragoza',59,'M','Novel','Revés'),(414,'Carlos Martínez',37,'AWYRBMHH6','España','Barcelona',15,'M','Pro','Revés'),(415,'Carlos Vázquez',33,'KPMUKHZX2','Colombia','Barcelona',18,'M','Pro','Revés'),(416,'Elena García',20,'DIMPZETD8','Italia','Madrid',60,'F','Pro','Drive'),(417,'Carmen Martínez',19,'UNKPCPVO9','Chile','Granada',19,'F','Pro','Drive'),(418,'Antonio Fernández',30,'LTYBYGVA2','Brasil','Valencia',24,'M','Novel','Drive'),(419,'Javier Moreno',41,'ZTPIPRNC6','Francia','Madrid',99,'M','Pro','Drive'),(420,'Manuel García',37,'WELUCTPZ1','Alemania','Valencia',97,'M','Pro','Revés'),(421,'Elena Díaz',22,'DLOQEIXZ9','Chile','Bilbao',8,'F','Novel','Drive'),(422,'Carmen Vázquez',39,'ATPJQQKD8','Portugal','Málaga',1,'F','Novel','Revés'),(423,'Manuel Díaz',22,'QZFJQQUV9','Argentina','Madrid',63,'M','Novel','Drive'),(424,'Pedro Martínez',40,'AYQXOBDQ9','Francia','Madrid',37,'M','Pro','Drive'),(425,'Lucía Pérez',30,'XDMEPVWV3','Francia','Barcelona',100,'F','Pro','Drive'),(426,'Elena Gómez',31,'SJFUKZJA8','España','Barcelona',63,'F','Novel','Drive'),(427,'Antonio Pérez',37,'UFMROPRF3','Argentina','Valencia',51,'M','Novel','Revés'),(428,'Laura Sánchez',25,'TTYBEIZQ5','Argentina','Bilbao',42,'F','Pro','Drive'),(429,'Elena López',23,'FUWPENRL9','España','Sevilla',81,'F','Novel','Drive'),(430,'Pedro Díaz',32,'CDJOCDWN6','Colombia','Madrid',4,'M','Pro','Drive'),(431,'Laura Moreno',30,'KIOUWEKD0','Brasil','Bilbao',3,'F','Pro','Revés'),(432,'María Díaz',44,'NEKGIRGX5','Chile','Madrid',38,'F','Novel','Drive'),(433,'Pedro García',40,'JFHAVTFM6','Portugal','Sevilla',11,'M','Pro','Revés'),(434,'Carlos Pérez',39,'IEBEMRSR6','Brasil','Valencia',10,'M','Pro','Revés'),(435,'Manuel Fernández',38,'YOEXCALE1','Francia','Santander',72,'M','Novel','Revés'),(436,'Lucía Pérez',33,'QRQNJWFF6','Chile','Barcelona',65,'F','Pro','Drive'),(437,'Carlos Martínez',38,'XHDMUPTO7','Francia','Santander',53,'M','Novel','Drive'),(438,'Pedro Gómez',34,'NVOPFPKS7','Portugal','Sevilla',39,'M','Novel','Drive'),(439,'María Martínez',42,'ICFOGFVW7','Argentina','Bilbao',22,'F','Novel','Revés'),(440,'Manuel Fernández',21,'FDBBJWQY2','Colombia','Madrid',16,'M','Novel','Drive'),(441,'Lucía Vázquez',32,'FCKHLXVY5','Chile','Zaragoza',64,'F','Novel','Drive'),(442,'Javier López',38,'ZMNPXURI6','Alemania','Murcia',95,'M','Pro','Drive'),(443,'Laura Vázquez',18,'ZOSLMVQS5','Brasil','Santander',65,'F','Pro','Revés'),(444,'Carlos Vázquez',29,'AFVDLOHA7','Brasil','Bilbao',17,'M','Pro','Revés'),(445,'Carmen López',35,'HHBOIERE8','Alemania','Madrid',21,'F','Pro','Drive'),(446,'Carmen López',37,'PORXGPOI5','México','Zaragoza',97,'F','Novel','Drive'),(447,'Laura Martínez',33,'HKDKATPI2','Portugal','Sevilla',18,'F','Pro','Drive'),(448,'Carlos Sánchez',29,'UWLZLBVM5','Francia','Bilbao',74,'M','Novel','Drive'),(449,'Carmen Martínez',29,'OUNXTDWG6','Alemania','Bilbao',100,'F','Novel','Drive'),(450,'Pedro García',40,'HQEZWTBI4','Argentina','Sevilla',30,'M','Novel','Revés'),(451,'Elena Díaz',26,'ENWYLFLO1','Brasil','Santander',71,'F','Novel','Drive'),(452,'Antonio Gómez',34,'STRPNARC4','Argentina','Sevilla',80,'M','Novel','Revés'),(453,'Carmen García',44,'ZZGQCNVC9','México','Granada',77,'F','Novel','Revés'),(454,'Laura Pérez',34,'APMGPOTO4','España','Murcia',61,'F','Pro','Revés'),(455,'Carlos Vázquez',20,'PDIHJJPV1','Francia','Murcia',59,'M','Pro','Revés'),(456,'Lucía Moreno',39,'OVTPXQVZ5','Chile','Barcelona',46,'F','Novel','Drive'),(457,'María Díaz',33,'AHNUPOPO6','Brasil','Bilbao',96,'F','Novel','Drive'),(458,'Manuel Díaz',25,'CPDHWIQX3','Colombia','Granada',26,'M','Pro','Drive'),(459,'Antonio García',25,'MCHBGQBO2','Chile','Bilbao',11,'M','Pro','Revés'),(460,'María Fernández',33,'LNYLGNVZ6','Italia','Valencia',56,'F','Pro','Revés'),(461,'Pedro Gómez',24,'QOHBZUDA9','Francia','Málaga',35,'M','Pro','Revés'),(462,'Lucía Fernández',20,'PWLZCOBN0','Chile','Zaragoza',60,'F','Novel','Revés'),(463,'Laura Vázquez',25,'YBBQVMKP5','Italia','Santander',86,'F','Novel','Drive'),(464,'Lucía Pérez',45,'AOYINQID4','España','Murcia',51,'F','Pro','Revés'),(465,'Elena Martínez',25,'MEDMLZGR9','Alemania','Bilbao',41,'F','Pro','Revés'),(466,'María Fernández',34,'QPTHTRBS4','Francia','Madrid',7,'F','Novel','Revés'),(467,'Pedro Martínez',28,'JGSIFIIX4','Argentina','Granada',44,'M','Novel','Revés'),(468,'Elena López',39,'CRBJRTMJ3','Alemania','Sevilla',70,'F','Pro','Drive'),(469,'Carmen López',35,'PJAZWEQE0','Francia','Zaragoza',25,'F','Pro','Revés'),(470,'Javier Díaz',37,'XUKBROHK7','Brasil','Bilbao',42,'M','Novel','Drive'),(471,'Antonio Fernández',38,'IEEOWWHD9','Chile','Valencia',84,'M','Novel','Revés'),(472,'Elena Martínez',30,'BOBAHSIS7','Italia','Bilbao',34,'F','Novel','Drive'),(473,'Carmen Gómez',40,'ZHVRDBHI0','Colombia','Santander',10,'F','Novel','Revés'),(474,'Carlos Sánchez',38,'XFJDTPPZ9','Brasil','Madrid',48,'M','Pro','Revés'),(475,'Laura Gómez',20,'PVCQYBYO1','Portugal','Málaga',96,'F','Pro','Revés'),(476,'Carlos García',38,'HOMGVPUJ1','México','Barcelona',5,'M','Novel','Drive'),(477,'Carmen Pérez',35,'TBPZYCNX3','Portugal','Sevilla',25,'F','Pro','Drive'),(478,'Lucía Pérez',31,'KZZGIOEN3','Colombia','Barcelona',38,'F','Pro','Revés'),(479,'Manuel Díaz',21,'UNOEAXGE2','España','Bilbao',39,'M','Novel','Drive'),(480,'Carlos Vázquez',25,'SEOHCZAR1','Italia','Madrid',38,'M','Pro','Drive'),(481,'Carmen Díaz',19,'QDCTFQLS3','Alemania','Málaga',81,'F','Pro','Drive'),(482,'María Sánchez',32,'XKJCNJUV0','Portugal','Zaragoza',17,'F','Pro','Revés'),(483,'Manuel Gómez',30,'ODTXSRAG4','Portugal','Murcia',66,'M','Pro','Revés'),(484,'Antonio García',29,'ZNXMOQBE3','Chile','Santander',59,'M','Pro','Drive'),(485,'María Díaz',21,'TKYBGZIE3','Colombia','Bilbao',58,'F','Novel','Revés'),(486,'Antonio Pérez',35,'PVTCFWSF7','Colombia','Málaga',65,'M','Pro','Revés'),(487,'Laura Gómez',27,'KJDLYMAR6','México','Granada',51,'F','Novel','Revés'),(488,'Carlos Vázquez',32,'NKSEAIQE9','Portugal','Murcia',16,'M','Pro','Drive'),(489,'Laura García',44,'ASNFJOJV2','Chile','Granada',4,'F','Novel','Drive'),(490,'Elena Fernández',26,'OPAFOKWU5','Brasil','Murcia',18,'F','Pro','Drive'),(491,'Laura Vázquez',22,'DXTLCSZH0','España','Bilbao',14,'F','Pro','Revés'),(492,'Laura Martínez',23,'BLITQMIP4','Portugal','Valencia',39,'F','Novel','Drive'),(493,'Pedro López',25,'CIEVIHLV4','Colombia','Málaga',83,'M','Pro','Drive'),(494,'Lucía Gómez',45,'ZGTKPLXE9','España','Granada',73,'F','Novel','Revés'),(495,'Pedro Moreno',25,'GGGURLAW8','Francia','Valencia',32,'M','Pro','Revés'),(496,'María Sánchez',21,'GLPQOFEC1','España','Granada',60,'F','Pro','Revés'),(497,'Pedro Díaz',23,'OHMHZAQF0','Brasil','Murcia',28,'M','Novel','Revés'),(498,'María García',27,'EWDGEPZZ5','Colombia','Barcelona',83,'F','Novel','Drive'),(499,'Pedro López',35,'WBWALJNA8','Chile','Sevilla',40,'M','Pro','Drive'),(500,'Elena Díaz',28,'LGQUXGOY0','Colombia','Madrid',5,'F','Pro','Revés'),(501,'Casemiro Alcalá-Soriano',25,'F7V5G00AI','Guadalupa','Perezfurt',43,'M','Pro','Drive'),(502,'Guadalupe Cruz-Sanz',20,'RAC8W1SZY','Papouasie-Nouvelle-Guinée','Lixa',33,'M','Pro','Drive'),(503,'Laure Turpin du Guichard',29,'BBEWFKUGJ','Kambodscha','Maccaretolo',25,'M','Novel','Drive'),(504,'Eufemia Bas Báez',22,'QBGGSR5S8','São Vicente e Granadinas','Turas',4,'F','Pro','Drive'),(505,'Inés Casas',43,'PCHES1JXW','Etiópia','Ribeira Grande',58,'M','Novel','Revés'),(506,'Primitiva Silva Gonzalez',32,'F4ZZGDBBG','Mali','Mary-sur-Philippe',100,'M','Pro','Drive'),(507,'Pietro Ditschlerin',42,'57ECTR7DW','Geórgia','Cáceres',24,'F','Novel','Drive'),(508,'Émilie Bouvier',32,'272ANYAN3','Polinesia Francese','Bridgetbury',70,'M','Novel','Revés'),(509,'Margot Legros',45,'K62VZ280O','French Southern Territories','Grevenbroich',49,'F','Pro','Drive'),(510,'Eckehard Thanel',20,'9FTWKD2VA','Kazakhstan','South Dominique',40,'M','Pro','Drive'),(511,'Rigo Schmiedecke',42,'U76HJZ7TE','Honduras','Belmonte Piceno',7,'M','Pro','Revés'),(512,'Valentim Gonçalves-Rocha',37,'G5DRLNPBA','Madagaskar','Ourense',60,'M','Pro','Revés'),(513,'Angelina Mascagni-Segni',33,'LYBU2WFSS','Bhután','Pombal',19,'F','Novel','Drive'),(514,'Basilio Méndez Bermudez',19,'NIXLSDLK9','Haiti','Lake Thomas',91,'F','Pro','Revés'),(515,'Christina Allison',18,'OGVD27RHU','Andorra','Collinsfurt',19,'M','Novel','Drive'),(516,'Nicholas Smith',24,'0B5ZIWY6Q','Singapore','Ceuta',46,'F','Pro','Revés'),(517,'Tonia Naccari',32,'3JSLS62VO','Granada','Watsonhaven',34,'F','Novel','Drive'),(518,'Patrizio Peruzzi',23,'T36499168','Georgia del sud e South Sandwich Islands','Strasburg',65,'M','Novel','Revés'),(519,'Liberto Marconi-Casale',23,'M5NZ62U1H','Turquía','Worbis',91,'F','Novel','Drive'),(520,'Renée Descamps',37,'5B6KT86OK','Grecia','West Troy',92,'M','Novel','Revés'),(521,'Giovanni Ritter',43,'6N1YAUWHM','Estland','Zaragoza',75,'M','Pro','Revés'),(522,'Antoine Rivière',45,'6TJBTSU7E','Macau','Sevilla',58,'M','Novel','Revés'),(523,'Alida Döring',40,'SENIF5H9T','Palau','Lemaître-sur-Gomes',94,'F','Pro','Revés'),(524,'Rosina Zoppetto-Napolitano',18,'C4AFS5MZK','Lithuanie','Zamora',65,'M','Pro','Revés'),(525,'Guillaume Dubois',28,'TUICXTT27','El Salvador','Weimar',12,'F','Pro','Drive'),(526,'Tomé Lopes',33,'2RWYPXHAJ','Bouvet Island (Bouvetoya)','Sorbolongo',48,'F','Pro','Drive'),(527,'Chema Estevez-Echeverría',38,'2TOTGOPDC','Gaza Strip','Port Matthew',41,'M','Pro','Revés'),(528,'Isabel Oliveira',40,'EVWPC7Y1L','Montserrat','Almería',9,'F','Novel','Drive'),(529,'Dr. Friedlinde Hornig',45,'VW8MJV2C9','Indonesien','Vila Nova de Gaia',1,'F','Novel','Revés'),(530,'Kathy Thornton',33,'J54GN6DV1','Kirguistán','Sigmaringen',90,'F','Novel','Revés'),(531,'Aroa Barba-Mesa',32,'EM9MR0JYQ','Panama','Grimma',70,'F','Novel','Revés'),(532,'Claudia Lastra',26,'12R8OMQJ3','Guinea','Paredes',75,'F','Novel','Drive'),(533,'Nádia Teixeira-Figueiredo',30,'COS8G0WKP','Osttimor','Salamanca',67,'M','Pro','Revés'),(534,'Univ.Prof. Vadim Thanel',22,'X60630QCD','Pacific Ocean','Waren',12,'F','Novel','Drive'),(535,'Aarón Agudo Cortina',28,'31QBSXNN3','Croazia','Nathanielchester',45,'F','Pro','Drive'),(536,'Helena Gomes',43,'2L78S2JY1','Antígua e Barbuda','Baileyview',9,'F','Novel','Revés'),(537,'Stéphane Renaud-Rémy',26,'T54JXHK1X','Ghana','Cádiz',59,'F','Novel','Drive'),(538,'Gotthard Martin-Ladeck',27,'0ST2EB1IK','Saint Vincent and the Grenadines','Castellón',9,'M','Pro','Revés'),(539,'Sig.ra Morena Bova',39,'9V4K1QB0M','Olanda','Auerbach',95,'F','Novel','Drive'),(540,'Julie Hamel-François',37,'OJWAGHUH0','Bangladesh','Johnhaven',88,'M','Novel','Drive'),(541,'Giulia Fallaci',25,'A3NGQFCOX','Ilha do Natal','Hainichen',79,'F','Novel','Revés'),(542,'Océane-Clémence Dijoux',33,'IR28QI20V','Namibia','Jacquot',46,'F','Pro','Drive'),(543,'Renata Tomasetti-Borroni',20,'L96Y1V9UW','Arabia Saudita','Montepetra',51,'F','Novel','Revés'),(544,'Éric Roy-Brun',25,'KPZ42OZIT','Guatemala','Cynthiahaven',79,'M','Novel','Revés'),(545,'Juanita Tatiana Villar Cabrera',45,'UKFZAT6XM','Falkland Islands (Malvinas)','Herzberg',15,'M','Pro','Drive'),(546,'Godofredo Barroso Garay',22,'V85HILRE9','Holy See (Vatican City State)','Büsingen am Hochrhein',84,'M','Pro','Revés'),(547,'Éric du Delattre',21,'XSY1E8Z5M','Papua Nueva Guinea','Sanchez-les-Bains',5,'F','Novel','Drive'),(548,'Dominique Legendre',44,'FFIXKFRFS','Afganistán','Osterburg',75,'M','Novel','Revés'),(549,'Theobald Nerger B.Sc.',29,'V6MK4S20D','Mali','Matraia',78,'F','Pro','Drive'),(550,'Arndt Striebitz',30,'1UORQOKDM','Finlândia','Lixa',6,'M','Novel','Revés'),(551,'William Besnard',42,'WGF8W2K0K','Cook Islands','Genazzano',37,'M','Pro','Drive'),(552,'Leonor Oliveira',27,'066Y5FMPT','Puerto Rico','Robertsonstad',11,'F','Pro','Drive'),(553,'Gregory Thomas',35,'VKPVOZLD1','Svalbard et Jan Mayen (Îles)','Fernandezview',46,'F','Pro','Drive'),(554,'Richard Brewer',27,'MVHF0PNVZ','Nepal','Soria',98,'M','Novel','Drive'),(555,'Eduardo Pires',42,'CTRAA8I2N','Niederländische Antillen','Lübben',63,'F','Pro','Drive'),(556,'Teresa Pacheco',33,'FVY6HLDU3','Nicaragua','Jülich',55,'F','Novel','Drive'),(557,'Laura Mastandrea',35,'VJCDDYPY2','Lesotho','Paullo Di Casina',25,'M','Novel','Drive'),(558,'Nair Batista',34,'AD1LCF2AZ','Bangladeche','Tarragona',86,'F','Pro','Drive'),(559,'Alfredo Campanella',43,'FNJAHW742','Ouzbékistan','Pasquierboeuf',2,'F','Pro','Revés'),(560,'Larry Evans',21,'SZU4YPN7H','Omán','La Rioja',11,'F','Novel','Drive'),(561,'Guy Guilbert',33,'OUAIQWHNT','Iraq','Tirschenreuth',92,'M','Novel','Revés'),(562,'Hildegunde Warmer',39,'G1OLEQNRV','Chad','Danigarci',69,'F','Novel','Drive'),(563,'Arturo Martorell Salinas',19,'9CPXUXGOF','Montenegro','Lugo',93,'F','Novel','Revés'),(564,'Maurizio Florio',42,'ZKKDXDHWP','Palau','Gafanha da Nazaré',87,'F','Pro','Revés'),(565,'Prof. Danuta Hartmann',23,'Z0EGQBNF0','Mosambik','Joannmouth',99,'F','Novel','Revés'),(566,'Magret Carsten B.A.',32,'PEDEK94C1','Yemen','Santa Lucia Uzzanese',63,'F','Novel','Revés'),(567,'Carminho Gonçalves',21,'R9FA3W3DN','Amerikanisch-Ozeanien','Sines',60,'M','Pro','Drive'),(568,'Charo Bayo Estevez',19,'2BJSPSGQK','Sierra Leone','Gilles-sur-Barre',22,'M','Pro','Drive'),(569,'Daniel Smith',42,'Z091UIBIH','Aruba','Guimarães',78,'M','Pro','Revés'),(570,'Anne Ollivier',28,'OC8U1EDZF','Polen','Saint Patrick',84,'M','Novel','Revés'),(571,'Vinko Schuchhardt',21,'OHHNU1OO1','Laos','Monicaview',25,'M','Novel','Revés'),(572,'Trevor Alvarado',43,'QSWIG7Q6A','Croatia','Vila Nova de Foz Côa',30,'F','Novel','Revés'),(573,'Carol Davis',22,'SB9ZI6O32','Libéria','Saint Édouard-la-Forêt',79,'M','Novel','Drive'),(574,'Cruz Vallés Riquelme',28,'BA1RD70RL','Namibie','Lelièvre-sur-Maillard',71,'F','Novel','Drive'),(575,'Sofía Palmira Arnal Luque',45,'6AMLXDYHZ','Russie','Bressana Bottarone',63,'F','Novel','Revés'),(576,'Cristóbal del García',39,'O03CAXOVB','Principato di Monaco','Tocco Da Casauria',22,'F','Pro','Revés'),(577,'Fábio Pinho',31,'76OOBESOD','Ecuador','Santana',74,'F','Novel','Drive'),(578,'Pierre Gérard',45,'BL9P6WDCA','Kenya','Santi Lorenzo E Flaviano',19,'F','Pro','Drive'),(579,'Mafalda Maia',18,'ZCH9N6DJC','Principato di Monaco','Mortegliano',77,'M','Novel','Drive'),(580,'Dierk Ebert',40,'2I53YQP5J','Französisch-Guayana','Torres Vedras',61,'F','Novel','Drive'),(581,'Roberto Garcés-Cervera',23,'SFTDHP0V3','Mauretanien','Ca Baglioni',88,'M','Pro','Revés'),(582,'Susan Segebahn-Henk',41,'Z8N7IUVQJ','Burundi','Horta',1,'F','Novel','Drive'),(583,'Joshua Perez',20,'ONWA6V9VQ','Bahamas','Alicante',2,'M','Pro','Drive'),(584,'Elodia Bermejo Redondo',21,'QJ09IHMU0','Argelia','Scortichino',39,'F','Pro','Drive'),(585,'Gustavo Antunes',26,'1G4WCRJ24','République centrafricaine','Monschau',100,'M','Pro','Revés'),(586,'Michelle Mitchell',23,'DCFVEZ94O','Suriname','Pozzo',56,'F','Novel','Revés'),(587,'Dino Karge',27,'I5YCH0RFZ','Panama','Malgesso',25,'F','Novel','Drive'),(588,'Ilaria Scarlatti',43,'CKAVCNZJ3','Islas Salomón','Villaraspa',45,'M','Novel','Drive'),(589,'Kevin Mitchell',42,'7E6VSKOJ0','Gabon','Guipúzcoa',19,'F','Novel','Revés'),(590,'Billy Gillespie',27,'7D48KHILV','Gaza Strip','Lourosa',73,'F','Novel','Drive'),(591,'Letícia de Nogueira',18,'H0QJMTMGJ','Vanuatu','Tomar',68,'M','Pro','Drive'),(592,'Vítor Lima',38,'8EWJPN4NH','Romania','Las Palmas',9,'F','Novel','Drive'),(593,'Ceferino Ruy Barranco Sevillano',36,'EB6B3WOGM','Niue','Melilla',13,'F','Pro','Revés'),(594,'Obdulia Escalona Gual',22,'FJPZQ03DV','Singapur','Sainte Véronique',13,'F','Pro','Revés'),(595,'Lorraine Bouvier',26,'C7FL5TVPZ','Gambia','Barreiro',83,'F','Pro','Revés'),(596,'Marciano Fabregat Sans',21,'3A0SMPJ2I','Lettland','East Geoffrey',5,'F','Pro','Drive'),(597,'Bonnie Huber',38,'JRZGCDJQN','Mayotte','Wolfach',52,'F','Novel','Revés'),(598,'Paulina Zorbach',35,'3FTQ46S1O','Japon','Las Palmas',79,'M','Pro','Revés'),(599,'Leah Quinn',35,'LSAHOGMG1','Equador','Ebersberg',68,'F','Novel','Revés'),(600,'Wayne Hill',36,'X2Y5Q8XJN','Venezuela','Martinsicuro',84,'M','Novel','Drive'),(601,'Zaira Lollobrigida',44,'BEP5K2I5L','Tuvalu','Pasewalk',70,'F','Pro','Revés'),(602,'Adriana Fernandes',41,'KKPMLYJ7T','Tokelau','Aringo',65,'F','Novel','Revés'),(603,'Ebony Davies',40,'1XSMZA352','Regno Unito','Miltenberg',76,'F','Novel','Revés'),(604,'Arndt Geißler',25,'V9YU14MFV','Cambodia','Lake Bryan',53,'F','Pro','Revés'),(605,'David Hunter',18,'0PXJGB8K7','Micronesia','Esposende',57,'M','Pro','Revés'),(606,'Robert Adams',21,'0BKKTI5GI','Madagascar','Málaga',35,'M','Novel','Revés'),(607,'Herr Cemil Seifert MBA.',40,'NSB0A9UFY','Gana','Rochlitz',17,'F','Novel','Revés'),(608,'Paola Steuer',19,'ZW166TXGN','Indonesia','Renard-sur-Mer',2,'M','Pro','Drive'),(609,'Kayla Hughes',19,'0LMQSG7LK','Turkmenistan','Auerbach',17,'M','Novel','Drive'),(610,'Aurélie Martins',19,'CPBXSMUUT','Lesotho','Timothyton',79,'M','Novel','Revés'),(611,'Wolf-Dieter Adolph',21,'8IXRMZM0L','Jersey','Toledo',77,'M','Pro','Revés'),(612,'Adrienne Raymond',38,'LGBJIF78W','Pakistán','Lleida',6,'M','Novel','Revés'),(613,'Heini Lübs B.Sc.',45,'3LOZ5LWA6','República Dominicana','Christinebury',42,'M','Novel','Drive'),(614,'Miriam Ramos',44,'JYLWVOMB0','Cayman (Îles)','Granada',33,'F','Pro','Revés'),(615,'Christy Phillips',42,'M8INJTZRX','Gana','Main-Höchst',41,'F','Novel','Revés'),(616,'Honoré Durand de Bertin',44,'GVDRDVXL3','Trinidad e Tobago','Couturier',86,'M','Pro','Drive'),(617,'Blanca Gonzalo Criado',39,'AUY078Q7F','Indonesia','Cáceres',79,'M','Pro','Revés'),(618,'Emma Carmela Acevedo Pinilla',29,'75RTHSTOU','Chad','Álava',74,'F','Pro','Drive'),(619,'César da Ferreira',23,'WFWB2UJJP','Madagascar','South Richardtown',60,'F','Novel','Revés'),(620,'Alessandro Sauli-Dalla',19,'YTYFLVVVE','Albania','Düren',9,'M','Novel','Revés'),(621,'Madalena Moura',27,'96243SONW','Croacia','Santa Cruz de Tenerife',59,'F','Pro','Drive'),(622,'Heino Hornich',22,'VTB5UZVDG','Iraq','Moura',63,'F','Novel','Revés'),(623,'Duarte Amorim',18,'J2B66I80K','Koweit','MauriceVille',7,'M','Novel','Revés'),(624,'Monique Le Delattre',27,'XCYQM2IZF','Malawi','Amberberg',29,'F','Pro','Revés'),(625,'Giulia Jovinelli',19,'WO8DE8T4R','Isola di Man','Longone Sabino',27,'M','Novel','Drive'),(626,'Dott. Luisa Lippomano',37,'4XASIG7RK','Ukraine','Ávila',99,'M','Pro','Drive'),(627,'Arnaldo Piazzi',18,'1L5QWKZTA','Palau','Tarouca',20,'F','Novel','Drive'),(628,'Vincenzo Treves',26,'3SWVX3WID','Vietname','Schlüchtern',54,'F','Novel','Drive'),(629,'Genoveva Sölzer-Eckbauer',20,'J3797AVNU','Japan','Peio',32,'F','Novel','Revés'),(630,'Marta Neves',34,'087YHDE1M','Bahamas','Augsburg',5,'M','Pro','Revés'),(631,'Abigail Dawson',26,'KL2JX63RJ','Indonesia','Buriano',30,'M','Pro','Drive'),(632,'Tatiana Amorim',35,'WT5JWY876','Grenada','Osmannoro',61,'F','Pro','Revés'),(633,'Laura Hill',28,'AC7590URD','Samoa','Ourense',36,'M','Pro','Drive'),(634,'Lorena Abreu',31,'25UOHIZL4','Arctic Ocean','Santo Tirso',80,'M','Pro','Revés'),(635,'Diana Jones',37,'0JST3TWS2','Saint Helena','Porto',2,'F','Pro','Drive'),(636,'Bruna Nogueira',43,'D1B2XQZDI','Mayotte','Marcigliana',84,'F','Pro','Revés'),(637,'Eva Ceravolo',43,'0ALKUFUJ9','Jordan','Jacquesdan',13,'F','Pro','Revés'),(638,'Brigitta van der Dussen',20,'3WX7GIIY9','Barbados','Morca',2,'F','Pro','Drive'),(639,'Gerónimo Giménez',23,'X590J9R6F','Finlândia','Lamego',34,'M','Pro','Drive'),(640,'Ângelo Simões',21,'8TOZDEM8V','Somália','Wolfach',100,'F','Novel','Revés'),(641,'Amélie Legrand',19,'Z2JQSVWKB','Trinidad and Tobago','Barbe-la-Forêt',6,'M','Novel','Revés'),(642,'Xavier de Carpentier',35,'CLZXYI2V8','Bolivien','Lebreton',80,'F','Novel','Revés'),(643,'Yasmin Coelho',27,'UJMYES361','Antarktis','Ourense',5,'M','Novel','Revés'),(644,'Ainara Menendez Téllez',32,'UVN7Q72MX','Uzbekistan','Ryanberg',50,'M','Novel','Drive'),(645,'Mauro Paiva',20,'1ELFW2Y6N','Namíbia','Raymonddan',11,'F','Pro','Drive'),(646,'Steven Kennedy',35,'1ZK18Z61U','France','Hünfeld',56,'M','Novel','Drive'),(647,'Claudia Elisa Martin Sáez',31,'K10OOQQWA','Russian Federation','San Nazzaro',97,'F','Novel','Drive'),(648,'Valentina-Ângela Lima',44,'58Q4MU7W2','Senegal','Pons-sur-Mer',51,'M','Pro','Drive'),(649,'Martino Malpighi',44,'LNM944SU1','Tuvalu','Bezzecca',46,'F','Novel','Revés'),(650,'Kai-Uwe Gröttner',31,'G0RWALJZX','Iraque','Sainte Maurice-les-Bains',63,'M','Novel','Drive'),(651,'Lucas-Guy Blot',21,'X2AR7JKXK','Jersey','Marienberg',61,'F','Novel','Revés'),(652,'Irma Muratori',43,'9CE8ARZRQ','Estonia','Tiglio',4,'F','Pro','Revés'),(653,'Basilio Melero Roselló',25,'8HBF56T65','Guyana Francese','Madrid',23,'F','Novel','Revés'),(654,'Márcio Domingues',29,'Y7820HLN8','Luxembourg','Blot',68,'M','Pro','Drive'),(655,'Antoine Marion de Rodriguez',42,'3HQPSRCNS','Ecuador','Abrantes',6,'F','Novel','Revés'),(656,'Felipe Mauricio Nicolau Acero',40,'L1B3AQO5S','Vereinigte Arabische Emirate','Veternigo',88,'M','Novel','Drive'),(657,'Franck Marie',40,'6KBROEHBD','Grecia','Lübz',34,'F','Pro','Drive'),(658,'Teresa Morais',19,'4T7NSK9T9','Geórgia','GuilbertBourg',37,'M','Novel','Drive'),(659,'Eva María de Fuentes',40,'RGRVR8YN0','Swaziland','Valladolid',35,'M','Novel','Revés'),(660,'Sig. Galasso Bondumier',29,'DEQG2CE98','Namibie','Altavilla Irpina',44,'F','Pro','Drive'),(661,'Giorgia Castioni',22,'XZWLZVGFJ','Bangladesh','Navazzo',86,'F','Pro','Revés'),(662,'Monique Perrier de la Michaud',22,'7LOO9NZB7','Romania','Port Keithstad',2,'M','Pro','Drive'),(663,'Armando Castelli',38,'CHOOQ1WM3','Bahrain','Sermoneta Scalo',95,'F','Novel','Drive'),(664,'Philippe-Jacques Morel',28,'5H31RAW7S','Kongo','Sacavém',5,'F','Novel','Revés'),(665,'Márcio Coelho',26,'GXU9QCAID','Finlandia','Pontevedra',37,'M','Novel','Revés'),(666,'Jeremy Pugh',36,'7JM1MOG75','Botswana','Brun-sur-Lebreton',65,'F','Pro','Revés'),(667,'Heinz-Günther Budig B.Sc.',44,'ZBZX0OTZL','Tokelau','Montemor-o-Novo',13,'M','Novel','Drive'),(668,'Dott. Anita Giannelli',44,'0MHV1SJQK','Kenya','Huesca',23,'M','Novel','Drive'),(669,'Heidi Johnson',20,'UTED2D99D','Neukaledonien','Hammelburg',36,'M','Novel','Revés'),(670,'Márcio Esteves',41,'8S9NE3V3G','Cyprus','Treglia',3,'F','Pro','Drive'),(671,'Dr. Ehrenfried Scholz B.Sc.',38,'KJKG6H55O','Haiti','Perno',24,'F','Novel','Revés'),(672,'Sig.ra Rosalia Bignardi',22,'FW8WUTZ45','Rwanda','Tarouca',69,'M','Pro','Revés'),(673,'Ângelo Nogueira-Borges',32,'3X3YDH5PY','Suecia','Faverzano',88,'M','Novel','Revés'),(674,'Diogo Nunes',29,'0Q7TI9PHP','Guinea-Bissau','Reedfort',3,'M','Novel','Drive'),(675,'Victor Torres de la Lebrun',34,'AK4HFTHST','Russian Federation','Ourense',99,'M','Novel','Drive'),(676,'Leonardo Flaiano',35,'39BHV3Y6M','Nouvelle Calédonie','Lleida',20,'M','Pro','Revés'),(677,'Paulino Alex García Luque',35,'OA5UECLLU','Jamaica','Belzig',86,'F','Pro','Revés'),(678,'Alice Santos',29,'KGTKY0E8J','Granada','Valencia',37,'F','Pro','Revés'),(679,'Michel-Arthur Brunel',27,'OP0UUEDJZ','Congo','North Antonio',41,'F','Novel','Drive'),(680,'Annunziata Zamengo',21,'WFSGPVFM4','Mauretanien','Valledolmo',51,'F','Novel','Revés'),(681,'Courtney Peterson',36,'VMYVNA98T','Britisches Territorium im Indischen Ozean','North Nancyland',84,'M','Novel','Drive'),(682,'Liliana Segni-Traversa',39,'RGLL3Q64R','Somalia','Horta',85,'F','Novel','Revés'),(683,'Roberto Brown',27,'2J70B76EH','Andorra','Vizcaya',87,'F','Pro','Drive'),(684,'Cosimo Döring',43,'EGDQGMQR4','Guam','São Salvador de Lordelo',70,'M','Pro','Revés'),(685,'Tyler Chapman',34,'JRWMZUEV5','Iran','La Coruña',88,'M','Novel','Revés'),(686,'Gustavo Coelho',43,'O6STO2W37','Qatar','Carondan',67,'M','Pro','Drive'),(687,'Dott. Toni Necci',27,'GJLM3I25V','Armenien','Pitigliano',11,'F','Pro','Revés'),(688,'Heidi Harris',18,'77RE2KET8','Antilles néerlandaises','Câmara de Lobos',97,'M','Novel','Drive'),(689,'Henrique Jesus',32,'P8MZQN6XY','Papua Nueva Guinea','Usseaux',12,'M','Pro','Drive'),(690,'Ian Otto-Stolze',38,'0JLYA7BZV','Indonésia','South Alexandraburgh',85,'M','Novel','Drive'),(691,'Sol Cuesta Peiró',36,'8P9X8AR6S','Malawi','Anadia',27,'M','Pro','Revés'),(692,'Charles-Hugues Grenier',35,'C0UK2805S','Geórgia do Sul e Sandwich do Sul','Cuenca',13,'F','Novel','Revés'),(693,'Julio César de Duarte',27,'M7YVP26ZG','Jamaïque','Grafenau',81,'M','Novel','Drive'),(694,'Gaspar Losa Juárez',45,'KJKX7IKXV','Ireland','Soria',44,'F','Novel','Drive'),(695,'Marcelle Gilles',37,'N1CRIE6B7','Suriname','Vizela',41,'F','Novel','Drive'),(696,'Wilfriede Gutknecht-Schuster',26,'5A3FCUOR4','Iran','Lejeune',4,'M','Pro','Drive'),(697,'Ivan Torres',25,'GJ1IEDQKT','Chili','Coburg',86,'M','Novel','Revés'),(698,'Coluccio Pavanello',31,'BXO2AWZRU','Arabia Saudita','North Patriciaview',43,'M','Novel','Revés'),(699,'Annalisa Mondaini',26,'21MRPE6JI','Equador','Oliveira de Azeméis',36,'F','Novel','Drive'),(700,'Adélaïde Legrand-Michel',43,'G9VL4U90Q','Republik Moldau','Bibbiano',71,'F','Pro','Revés'),(701,'Nelson Rodrigues-Rodrigues',43,'2ONDT4LAJ','Maurice','Caniço',32,'M','Novel','Drive'),(702,'Rossana Govoni',34,'1MUOSML5O','United States of America','Saint Victor',28,'F','Pro','Revés'),(703,'Reina Macias Valverde',37,'Z4BEZE9C1','Denmark','Donaueschingen',93,'F','Pro','Revés'),(704,'Lara Giannone',41,'8HIDQPNPQ','République centrafricaine','South Randallside',67,'F','Pro','Revés'),(705,'Kristen Waller',27,'X69YOVZ7E','Sonderverwaltungszone Macao','Gomes',28,'F','Novel','Drive'),(706,'Univ.Prof. Reimund Kraus',33,'MCTPS6VMS','Andorra','Villalfonsina',44,'M','Pro','Drive'),(707,'Charles Dumont-Boulanger',24,'RKF4V01E5','Faroe Islands','Melsungen',39,'F','Novel','Revés'),(708,'Eva Amaral',34,'Q0QJ4IBAV','Finlandia','Huelva',20,'M','Pro','Revés'),(709,'Nikola Beier MBA.',22,'Z1PUSK2BW','Venezuela','Viana do Castelo',41,'F','Novel','Revés'),(710,'Joana-Yara Alves',22,'YVEJNLNFT','Algeria','Badajoz',72,'M','Pro','Drive'),(711,'Eduard Weinhage',33,'VJW0EO798','Hungria','Guyonboeuf',77,'F','Novel','Drive'),(712,'Ilaria Bosurgi',18,'FG4AVLH47','Maurícia','Traversa',68,'M','Novel','Revés'),(713,'Sig. Paolo Mazzocchi',43,'UNMTUOFDV','Emirati Arabi Uniti','Vendas Novas',39,'M','Pro','Revés'),(714,'Jennifer Murillo',45,'VVP2FFJH6','Macao','Katherineside',12,'M','Pro','Drive'),(715,'Jeremiah Lopez',28,'4KYARTXAS','República de Moldova','Leblanc-sur-Mer',18,'F','Novel','Revés'),(716,'Miriam Correia',43,'FPXCCF0VV','Kiribati','Sankt Goarshausen',51,'F','Pro','Drive'),(717,'Lea Barkholz',23,'T83U2UTPZ','Finnland','Sainte LucieVille',43,'M','Pro','Drive'),(718,'Mireia Fuster Blanch',18,'XL41R3KQ5','Latvia','Sulzbach-Rosenberg',83,'F','Pro','Drive'),(719,'Sig.ra Flora Chiaramonte',36,'GDUH3ALMV','Tunísia','Lamego',54,'M','Pro','Drive'),(720,'Patrícia Amaral',40,'YECCIO4C4','Etiopia','San Biagio Della Valle',71,'F','Pro','Drive'),(721,'Napoleone Cantimori-Spadafora',33,'TN6FO08JQ','Vietman','Rochlitz',47,'M','Novel','Drive'),(722,'Raphaela Etzold',44,'ZFE77FE8G','Turkmenistán','Main-Höchst',45,'F','Novel','Revés'),(723,'Guy Le Andre',25,'4W0SZYYE0','República Democrática del Congo','Silves',57,'M','Novel','Drive'),(724,'Stilla Beier',32,'EI8JLI6HP','Libano','Grimma',26,'M','Pro','Drive'),(725,'Sabas Morcillo-Fernandez',37,'PQ2MC4AD2','Arctic Ocean','Albacete',54,'F','Novel','Revés'),(726,'Raffaellino Marinetti-Sauli',18,'EGDI4D110','Solomon Islands','Buriano',56,'F','Novel','Revés'),(727,'Ing. Undine Weitzel',38,'2ITOVTEEK','Guyana','Chaves',80,'F','Pro','Revés'),(728,'Maurizio Ullmann',36,'NA1168EHV','Wallis und Futuna','New Meghanview',3,'F','Novel','Drive'),(729,'Mr. Paul Salinas Jr.',41,'GCUFU92R7','Mauritania','Navarra',18,'M','Novel','Drive'),(730,'Leonardo Carneiro-Azevedo',40,'KBSESNCVW','Argentina','Bad Kissingen',32,'F','Novel','Revés'),(731,'Frédéric Laroche',40,'7PIB37NSZ','Svalbard e Jan Mayen','Heidiview',88,'F','Pro','Revés'),(732,'Cecilio Barriga Arenas',26,'REKUCPX2H','Regno Unito','Chenshire',69,'F','Novel','Drive'),(733,'Paul Stevens',26,'5XS5EJRN5','Switzerland','Saint Aimée-la-Forêt',98,'F','Novel','Drive'),(734,'Victor Le Collet',32,'VNNFSAGFD','Egitto','Olhão',56,'M','Pro','Drive'),(735,'Charlotte Blin',27,'NPJ0JH761','Suriname','Grumello Del Monte',69,'M','Novel','Drive'),(736,'Jasmin Mccullough',35,'GXIYH74ER','West Bank','Aveiro',88,'F','Novel','Drive'),(737,'Donald Smith',39,'R5ZRX2W9X','Belgien','Weimar',72,'F','Pro','Drive'),(738,'Dipl.-Ing. Karl-Otto Rohleder B.Eng.',30,'D4WCA3202','Belarús','Hernandez',18,'M','Pro','Drive'),(739,'Nath Meunier',21,'Z3IM6MW5D','Svalbard und Jan Mayen','Blondel',21,'M','Pro','Revés'),(740,'Sig. Giorgio Battaglia',29,'3KFO1QKIF','Australia','Perezton',60,'M','Pro','Drive'),(741,'Emily Allen',40,'8CH7HQ13T','Portugal','Amora',33,'F','Pro','Revés'),(742,'Katelyn Cole',21,'3FFD0GT72','Paraguay','West Curtis',14,'M','Pro','Revés'),(743,'Cayetana Alarcón Exposito',37,'FJRZ4G231','Katar','Norden',29,'M','Pro','Revés'),(744,'Emmanuel Barre',25,'SATWMJSLK','Nigeria','West Benjamin',72,'F','Pro','Drive'),(745,'Annamaria Schweitzer',25,'B1ASWMR4Q','Iran','Guimarães',7,'M','Pro','Revés'),(746,'Agnès Blanchet',27,'VOH76SHYT','Burundi','Le Gall',39,'F','Pro','Revés'),(747,'Eveline Jessel',19,'U2Y2XGFJW','Tuvalu','Bad Freienwalde',12,'F','Pro','Revés'),(748,'Julien Benoit',25,'LSPD73B98','Turkmenistan','Castelo Branco',90,'F','Novel','Revés'),(749,'Inès Maréchal',24,'MOSVNLL8K','Kap Verde','Fabre',80,'F','Pro','Drive'),(750,'Giuliana Callegari',27,'VIARPHZ06','Uruguay','Blotdan',46,'F','Novel','Drive'),(751,'Wilson Silva',20,'F0M0FK8Q7','Lesotho','Cáceres',7,'M','Pro','Drive'),(752,'María Alfonso Carnero',29,'ESRQFWRRJ','Kazakhstan','Amandahaven',37,'F','Pro','Drive'),(753,'Ângelo Pinto',21,'JSL7UCGE9','Albanien','Oschatz',63,'F','Novel','Drive'),(754,'Dina Fantozzi',19,'HA3YK2BYQ','Gana','Cervara',87,'F','Pro','Revés'),(755,'Constance Jacob',27,'4WM345JB7','Perú','Cantabria',47,'F','Pro','Revés'),(756,'Angelica Altera',40,'O9N85J6N6','Paracel Islands','Torres Vedras',86,'F','Pro','Drive'),(757,'Jean Gérard',24,'MSO29SJG5','Guinea-Bissau','Ficulle',42,'F','Novel','Drive'),(758,'Ernst-Dieter Thies',21,'O8SQ9MEA1','Mozambico','Sainte Célina',54,'F','Pro','Drive'),(759,'Cándida Borrego Maza',22,'O3I6DRJE7','Lussemburgo','South Melissa',59,'M','Pro','Drive'),(760,'Marta Bertoli',22,'Y1LQ8JLRZ','Papua Nuova Guinea','Fallingbostel',48,'F','Novel','Revés'),(761,'Michael Berry',23,'XNZQUWF4X','Guatemala','Demmin',43,'M','Novel','Revés'),(762,'Ricciotti Gozzano',32,'0NE01TZ4P','Guatemala','SantAgata',20,'M','Pro','Drive'),(763,'Guilherme Martins',41,'LG67AY1EO','Denmark','ChauvinBourg',56,'F','Novel','Revés'),(764,'Tatiana Fernandes',21,'WTFB8DATE','Kirgisistan','La Coruña',43,'M','Pro','Revés'),(765,'Santino Ferrazzi-Ceschi',29,'W4TJ6T9M8','Cina','Cartaxo',13,'M','Pro','Drive'),(766,'Melissa Vitturi-Tarantino',22,'WV6R6KB7C','Ghana','Bad Freienwalde',3,'F','Novel','Drive'),(767,'Adélaïde de Georges',32,'BDYGYKKDG','Andorra','Kristinburgh',98,'F','Pro','Drive'),(768,'Arturo Stradivari',35,'6AEZ02AA0','El Salvador','Cousin-sur-Schneider',47,'F','Pro','Revés'),(769,'Godofredo Quiroga Aguiló',45,'07XFZ4RRP','Guyana','La Caletta',48,'M','Novel','Revés'),(770,'Cory Day',27,'MR3X7EGEP','Portugal','Wolfratshausen',95,'F','Pro','Drive'),(771,'Fabiana Díaz',22,'Z94290XAL','Chad','Lörrach',58,'F','Novel','Revés'),(772,'Albert Carreras Albero',41,'JL1W31PI7','Belize','Montebuono',41,'M','Pro','Revés'),(773,'Heather Thompson',26,'E818EZWEU','Kuwait','West Bonnietown',58,'M','Novel','Drive'),(774,'Frau Hildegard Hertrampf B.Sc.',27,'TZQURGIW8','Mali','Madrid',92,'F','Pro','Drive'),(775,'Maurizio Giorgetti',27,'OKTVQLCMB','Griechenland','Benoit-la-Forêt',8,'F','Novel','Drive'),(776,'Mandy Reichmann',42,'7RHIUCG5Z','Französisch-Guayana','Marty-les-Bains',29,'M','Novel','Drive'),(777,'Maria Cabrini',45,'2T5MC6L0M','Malta','Castelo Branco',32,'M','Novel','Drive'),(778,'Luana da Jesus',26,'RP9GLOHGV','Moçambique','South Alison',41,'M','Novel','Revés'),(779,'Helena Andrade',38,'9MECMGOMQ','Kiribati','Pons',41,'F','Novel','Revés'),(780,'Giancarlo Beffa',38,'OLN86AKZI','Zaïre','Adamsberg',63,'M','Novel','Revés'),(781,'Edgar Amaral',19,'1L3683ZXI','Guatemala','Dupuis-sur-Meunier',76,'F','Novel','Revés'),(782,'Steven Kelly',43,'DWUP1BLHX','Paquistão','Curtisside',80,'M','Novel','Drive'),(783,'Samuel Franco',38,'FHRT8ENAQ','Guatemala','Granarolo',71,'M','Novel','Drive'),(784,'Abilio Almeida Ferrán',34,'0Z1D37L4R','Samoa','Port Amandafort',73,'M','Pro','Revés'),(785,'Natividad Seco Domínguez',26,'CE0FZ3TYZ','Corée, Sud','Dolegna Del Collio',44,'F','Novel','Drive'),(786,'Paolo Fusani',27,'7ZG3Q3ELM','Austria','Bennettbury',60,'M','Pro','Revés'),(787,'Sig.ra Lucia Toso',28,'2U9U47ZHI','Togo','De Sousa',74,'M','Pro','Revés'),(788,'Prof. Hendrik Holsten',26,'2LZ3GXWVX','Cote dIvoire','La Rioja',92,'F','Pro','Revés'),(789,'Dott. Viridiana Peruzzi',43,'T0Y8EE2KC','Côte dIvoire','Lambert',100,'M','Novel','Revés'),(790,'Demetrio Alcalde Bustamante',38,'P5BZ3QS2I','Estonia','Dinkelsbühl',70,'F','Novel','Revés'),(791,'Gilbert Maillot de Perrin',43,'MMGLVOQ3W','Bangladesh','Rio Tinto',2,'M','Novel','Drive'),(792,'Dominique Robinson',29,'12TQRI6WJ','Croazia','Casei',65,'M','Novel','Revés'),(793,'Rogelio Chaves Pino',24,'LMSLEABST','Uruguay','Albacete',2,'F','Pro','Revés'),(794,'Melchor Benito Linares Marín',31,'B1OQBMMX0','Aruba','Abrantes',5,'M','Novel','Revés'),(795,'Eugène Mary',25,'MJO492JQ5','Cocos (Keeling) Islands','Macedo de Cavaleiros',78,'F','Novel','Revés'),(796,'Mathew Robinson Jr.',42,'X8LP9I9HP','Sri Lanka','La Coruña',94,'F','Novel','Revés'),(797,'Prof. Gülay Rosemann B.A.',38,'4DWRRC8RQ','Islande','Covilhã',21,'F','Pro','Drive'),(798,'Scott Caldwell',34,'Q1C9MVTSE','Israel','Huelva',97,'F','Novel','Revés'),(799,'Melissa Potter',19,'P7NZHPIX9','Panama','Melilla',88,'M','Pro','Drive'),(800,'Sara Rangel',40,'9TJ23DDUF','Vanuatu','East Cristianside',47,'F','Pro','Drive'),(801,'Paco',26,'27566345H','España','Málaga',93,'M','Novel','Drive'),(802,'Juan',24,'23566345H','España','Sevilla',5,'M','Novel','Reves');
/*!40000 ALTER TABLE `jugadores` ENABLE KEYS */;
UNLOCK TABLES;
/*!50003 SET @saved_cs_client      = @@character_set_client */ ;
/*!50003 SET @saved_cs_results     = @@character_set_results */ ;
/*!50003 SET @saved_col_connection = @@collation_connection */ ;
/*!50003 SET character_set_client  = utf8mb4 */ ;
/*!50003 SET character_set_results = utf8mb4 */ ;
/*!50003 SET collation_connection  = utf8mb4_0900_ai_ci */ ;
/*!50003 SET @saved_sql_mode       = @@sql_mode */ ;
/*!50003 SET sql_mode              = 'ONLY_FULL_GROUP_BY,STRICT_TRANS_TABLES,NO_ZERO_IN_DATE,NO_ZERO_DATE,ERROR_FOR_DIVISION_BY_ZERO,NO_ENGINE_SUBSTITUTION' */ ;
DELIMITER ;;
/*!50003 CREATE*/ /*!50017 DEFINER=`root`@`localhost`*/ /*!50003 TRIGGER `after_jugador_insert` AFTER INSERT ON `jugadores` FOR EACH ROW begin
   -- Insertar un registro en la tabla de auditoría
   insert into auditoria_jugadores (cod_jugador, nombre, accion, mensaje)
   values(
       new.cod_jugador,
       new.nombre,
       'INSERT',
       CONCAT('Nuevo jugador registrado: ', new.nombre, ' (ID: ', new.cod_jugador, ')')
   );
end */;;
DELIMITER ;
/*!50003 SET sql_mode              = @saved_sql_mode */ ;
/*!50003 SET character_set_client  = @saved_cs_client */ ;
/*!50003 SET character_set_results = @saved_cs_results */ ;
/*!50003 SET collation_connection  = @saved_col_connection */ ;

--
-- Table structure for table `partidos`
--

DROP TABLE IF EXISTS `partidos`;
/*!40101 SET @saved_cs_client     = @@character_set_client */;
/*!50503 SET character_set_client = utf8mb4 */;
CREATE TABLE `partidos` (
  `cod_partido` int NOT NULL,
  `fecha_hora` datetime DEFAULT NULL,
  `tipodePartido` varchar(45) DEFAULT NULL,
  `cod_torneos_partidos` int NOT NULL,
  `equipo_local` int NOT NULL,
  `equipo_visitante` int NOT NULL,
  `ganador` int NOT NULL,
  PRIMARY KEY (`cod_partido`),
  KEY `fk_partidos_equipo1` (`equipo_local`),
  KEY `fk_partidos_equipo2` (`equipo_visitante`),
  KEY `fk_ganador_partidos` (`ganador`),
  CONSTRAINT `fk_ganador_partidos` FOREIGN KEY (`ganador`) REFERENCES `equipos` (`cod_equipo`),
  CONSTRAINT `fk_partidos_equipo1` FOREIGN KEY (`equipo_local`) REFERENCES `equipos` (`cod_equipo`),
  CONSTRAINT `fk_partidos_equipo2` FOREIGN KEY (`equipo_visitante`) REFERENCES `equipos` (`cod_equipo`)
) ENGINE=InnoDB DEFAULT CHARSET=utf8mb4 COLLATE=utf8mb4_0900_ai_ci;
/*!40101 SET character_set_client = @saved_cs_client */;

--
-- Dumping data for table `partidos`
--

LOCK TABLES `partidos` WRITE;
/*!40000 ALTER TABLE `partidos` DISABLE KEYS */;
INSERT INTO `partidos` VALUES (1,'2025-04-15 12:00:00','Mixto',2,1,2,1),(2,'2025-05-10 12:00:00','Mixto',3,2,500,2),(3,'2025-03-25 12:00:00','Mixto',4,3,499,3),(4,'2025-04-30 12:00:00','Mixto',5,4,498,4),(5,'2025-06-12 12:00:00','Mixto',6,5,497,5),(6,'2025-07-20 12:00:00','Mixto',7,6,496,6),(7,'2025-08-05 12:00:00','Mixto',8,7,495,7),(8,'2025-06-15 12:00:00','Mixto',9,8,494,8),(9,'2025-07-25 12:00:00','Mixto',10,9,493,9),(10,'2025-09-15 12:00:00','Mixto',11,10,492,10),(11,'2025-10-30 12:00:00','Mixto',12,11,491,11),(12,'2025-11-20 12:00:00','Mixto',13,12,490,12),(13,'2025-10-05 12:00:00','Mixto',14,13,489,13),(14,'2025-11-10 12:00:00','Mixto',15,14,488,14),(15,'2025-12-15 12:00:00','Mixto',16,15,487,15),(16,'2026-01-10 12:00:00','Mixto',17,16,486,16),(17,'2026-02-05 12:00:00','Mixto',18,17,485,17),(18,'2025-12-20 12:00:00','Mixto',19,18,484,18),(19,'2026-01-25 12:00:00','Mixto',20,19,483,19),(20,'2025-03-21 12:00:00','Mixto',1,20,482,20),(21,'2025-04-15 12:00:00','Mixto',2,21,481,21),(22,'2025-05-10 12:00:00','Mixto',3,22,480,22),(23,'2025-03-25 12:00:00','Mixto',4,23,479,23),(24,'2025-04-30 12:00:00','Mixto',5,24,478,24),(25,'2025-06-12 12:00:00','Mixto',6,25,477,25),(26,'2025-07-20 12:00:00','Mixto',7,26,476,26),(27,'2025-08-05 12:00:00','Mixto',8,27,475,27),(28,'2025-06-15 12:00:00','Mixto',9,28,474,28),(29,'2025-07-25 12:00:00','Mixto',10,29,473,29),(30,'2025-09-15 12:00:00','Mixto',11,30,472,30),(31,'2025-10-30 12:00:00','Mixto',12,31,471,31),(32,'2025-11-20 12:00:00','Mixto',13,32,470,32),(33,'2025-10-05 12:00:00','Mixto',14,33,469,33),(34,'2025-11-10 12:00:00','Mixto',15,34,468,34),(35,'2025-12-15 12:00:00','Mixto',16,35,467,35),(36,'2026-01-10 12:00:00','Mixto',17,36,466,36),(37,'2026-02-05 12:00:00','Mixto',18,37,465,37),(38,'2025-12-20 12:00:00','Mixto',19,38,464,38),(39,'2026-01-25 12:00:00','Mixto',20,39,463,39),(40,'2025-03-21 12:00:00','Mixto',1,40,462,40),(41,'2025-04-15 12:00:00','Mixto',2,41,461,41),(42,'2025-05-10 12:00:00','Mixto',3,42,460,42),(43,'2025-03-25 12:00:00','Mixto',4,43,459,43),(44,'2025-04-30 12:00:00','Mixto',5,44,458,44),(45,'2025-06-12 12:00:00','Mixto',6,45,457,45),(46,'2025-07-20 12:00:00','Mixto',7,46,456,46),(47,'2025-08-05 12:00:00','Mixto',8,47,455,47),(48,'2025-06-15 12:00:00','Mixto',9,48,454,48),(49,'2025-07-25 12:00:00','Mixto',10,49,453,49),(50,'2025-09-15 12:00:00','Mixto',11,50,452,50),(51,'2025-10-30 12:00:00','Mixto',12,51,451,51),(52,'2025-11-20 12:00:00','Mixto',13,52,450,52),(53,'2025-10-05 12:00:00','Mixto',14,53,449,53),(54,'2025-11-10 12:00:00','Mixto',15,54,448,54),(55,'2025-12-15 12:00:00','Mixto',16,55,447,55),(56,'2026-01-10 12:00:00','Mixto',17,56,446,56),(57,'2026-02-05 12:00:00','Mixto',18,57,445,57),(58,'2025-12-20 12:00:00','Mixto',19,58,444,58),(59,'2026-01-25 12:00:00','Mixto',20,59,443,59),(60,'2025-03-21 12:00:00','Mixto',1,60,442,60),(61,'2025-04-15 12:00:00','Mixto',2,61,441,61),(62,'2025-05-10 12:00:00','Mixto',3,62,440,62),(63,'2025-03-25 12:00:00','Mixto',4,63,439,63),(64,'2025-04-30 12:00:00','Mixto',5,64,438,64),(65,'2025-06-12 12:00:00','Mixto',6,65,437,65),(66,'2025-07-20 12:00:00','Mixto',7,66,436,66),(67,'2025-08-05 12:00:00','Mixto',8,67,435,67),(68,'2025-06-15 12:00:00','Mixto',9,68,434,68),(69,'2025-07-25 12:00:00','Mixto',10,69,433,69),(70,'2025-09-15 12:00:00','Mixto',11,70,432,70),(71,'2025-10-30 12:00:00','Mixto',12,71,431,71),(72,'2025-11-20 12:00:00','Mixto',13,72,430,72),(73,'2025-10-05 12:00:00','Mixto',14,73,429,73),(74,'2025-11-10 12:00:00','Mixto',15,74,428,74),(75,'2025-12-15 12:00:00','Mixto',16,75,427,75),(76,'2026-01-10 12:00:00','Mixto',17,76,426,76),(77,'2026-02-05 12:00:00','Mixto',18,77,425,77),(78,'2025-12-20 12:00:00','Mixto',19,78,424,78),(79,'2026-01-25 12:00:00','Mixto',20,79,423,79),(80,'2025-03-21 12:00:00','Mixto',1,80,422,80),(81,'2025-04-15 12:00:00','Mixto',2,81,421,81),(82,'2025-05-10 12:00:00','Mixto',3,82,420,82),(83,'2025-03-25 12:00:00','Mixto',4,83,419,83),(84,'2025-04-30 12:00:00','Mixto',5,84,418,84),(85,'2025-06-12 12:00:00','Mixto',6,85,417,85),(86,'2025-07-20 12:00:00','Mixto',7,86,416,86),(87,'2025-08-05 12:00:00','Mixto',8,87,415,87),(88,'2025-06-15 12:00:00','Mixto',9,88,414,88),(89,'2025-07-25 12:00:00','Mixto',10,89,413,89),(90,'2025-09-15 12:00:00','Mixto',11,90,412,90),(91,'2025-10-30 12:00:00','Mixto',12,91,411,91),(92,'2025-11-20 12:00:00','Mixto',13,92,410,92),(93,'2025-10-05 12:00:00','Mixto',14,93,409,93),(94,'2025-11-10 12:00:00','Mixto',15,94,408,94),(95,'2025-12-15 12:00:00','Mixto',16,95,407,95),(96,'2026-01-10 12:00:00','Mixto',17,96,406,96),(97,'2026-02-05 12:00:00','Mixto',18,97,405,97),(98,'2025-12-20 12:00:00','Mixto',19,98,404,98),(99,'2026-01-25 12:00:00','Mixto',20,99,403,99),(100,'2025-03-21 12:00:00','Mixto',1,100,402,100),(101,'2025-04-15 12:00:00','Mixto',2,101,401,101),(102,'2025-05-10 12:00:00','Mixto',3,102,400,102),(103,'2025-03-25 12:00:00','Mixto',4,103,399,103),(104,'2025-04-30 12:00:00','Mixto',5,104,398,104),(105,'2025-06-12 12:00:00','Mixto',6,105,397,105),(106,'2025-07-20 12:00:00','Mixto',7,106,396,106),(107,'2025-08-05 12:00:00','Mixto',8,107,395,107),(108,'2025-06-15 12:00:00','Mixto',9,108,394,108),(109,'2025-07-25 12:00:00','Mixto',10,109,393,109),(110,'2025-09-15 12:00:00','Mixto',11,110,392,110),(111,'2025-10-30 12:00:00','Mixto',12,111,391,111),(112,'2025-11-20 12:00:00','Mixto',13,112,390,112),(113,'2025-10-05 12:00:00','Mixto',14,113,389,113),(114,'2025-11-10 12:00:00','Mixto',15,114,388,114),(115,'2025-12-15 12:00:00','Mixto',16,115,387,115),(116,'2026-01-10 12:00:00','Mixto',17,116,386,116),(117,'2026-02-05 12:00:00','Mixto',18,117,385,117),(118,'2025-12-20 12:00:00','Mixto',19,118,384,118),(119,'2026-01-25 12:00:00','Mixto',20,119,383,119),(120,'2025-03-21 12:00:00','Mixto',1,120,382,120),(121,'2025-04-15 12:00:00','Mixto',2,121,381,121),(122,'2025-05-10 12:00:00','Mixto',3,122,380,122),(123,'2025-03-25 12:00:00','Mixto',4,123,379,123),(124,'2025-04-30 12:00:00','Mixto',5,124,378,124),(125,'2025-06-12 12:00:00','Mixto',6,125,377,125),(126,'2025-07-20 12:00:00','Mixto',7,126,376,126),(127,'2025-08-05 12:00:00','Mixto',8,127,375,127),(128,'2025-06-15 12:00:00','Mixto',9,128,374,128),(129,'2025-07-25 12:00:00','Mixto',10,129,373,129),(130,'2025-09-15 12:00:00','Mixto',11,130,372,130),(131,'2025-10-30 12:00:00','Mixto',12,131,371,131),(132,'2025-11-20 12:00:00','Mixto',13,132,370,132),(133,'2025-10-05 12:00:00','Mixto',14,133,369,133),(134,'2025-11-10 12:00:00','Mixto',15,134,368,134),(135,'2025-12-15 12:00:00','Mixto',16,135,367,135),(136,'2026-01-10 12:00:00','Mixto',17,136,366,136),(137,'2026-02-05 12:00:00','Mixto',18,137,365,137),(138,'2025-12-20 12:00:00','Mixto',19,138,364,138),(139,'2026-01-25 12:00:00','Mixto',20,139,363,139),(140,'2025-03-21 12:00:00','Mixto',1,140,362,140),(141,'2025-04-15 12:00:00','Mixto',2,141,361,141),(142,'2025-05-10 12:00:00','Mixto',3,142,360,142),(143,'2025-03-25 12:00:00','Mixto',4,143,359,143),(144,'2025-04-30 12:00:00','Mixto',5,144,358,144),(145,'2025-06-12 12:00:00','Mixto',6,145,357,145),(146,'2025-07-20 12:00:00','Mixto',7,146,356,146),(147,'2025-08-05 12:00:00','Mixto',8,147,355,147),(148,'2025-06-15 12:00:00','Mixto',9,148,354,148),(149,'2025-07-25 12:00:00','Mixto',10,149,353,149),(150,'2025-09-15 12:00:00','Mixto',11,150,352,150),(151,'2025-10-30 12:00:00','Mixto',12,151,351,151),(152,'2025-11-20 12:00:00','Mixto',13,152,350,152),(153,'2025-10-05 12:00:00','Mixto',14,153,349,153),(154,'2025-11-10 12:00:00','Mixto',15,154,348,154),(155,'2025-12-15 12:00:00','Mixto',16,155,347,155),(156,'2026-01-10 12:00:00','Mixto',17,156,346,156),(157,'2026-02-05 12:00:00','Mixto',18,157,345,157),(158,'2025-12-20 12:00:00','Mixto',19,158,344,158),(159,'2026-01-25 12:00:00','Mixto',20,159,343,159),(160,'2025-03-21 12:00:00','Mixto',1,160,342,160),(161,'2025-04-15 12:00:00','Mixto',2,161,341,161),(162,'2025-05-10 12:00:00','Mixto',3,162,340,162),(163,'2025-03-25 12:00:00','Mixto',4,163,339,163),(164,'2025-04-30 12:00:00','Mixto',5,164,338,164),(165,'2025-06-12 12:00:00','Mixto',6,165,337,165),(166,'2025-07-20 12:00:00','Mixto',7,166,336,166),(167,'2025-08-05 12:00:00','Mixto',8,167,335,167),(168,'2025-06-15 12:00:00','Mixto',9,168,334,168),(169,'2025-07-25 12:00:00','Mixto',10,169,333,169),(170,'2025-09-15 12:00:00','Mixto',11,170,332,170),(171,'2025-10-30 12:00:00','Mixto',12,171,331,171),(172,'2025-11-20 12:00:00','Mixto',13,172,330,172),(173,'2025-10-05 12:00:00','Mixto',14,173,329,173),(174,'2025-11-10 12:00:00','Mixto',15,174,328,174),(175,'2025-12-15 12:00:00','Mixto',16,175,327,175),(176,'2026-01-10 12:00:00','Mixto',17,176,326,176),(177,'2026-02-05 12:00:00','Mixto',18,177,325,177),(178,'2025-12-20 12:00:00','Mixto',19,178,324,178),(179,'2026-01-25 12:00:00','Mixto',20,179,323,179),(180,'2025-03-21 12:00:00','Mixto',1,180,322,180),(181,'2025-04-15 12:00:00','Mixto',2,181,321,181),(182,'2025-05-10 12:00:00','Mixto',3,182,320,182),(183,'2025-03-25 12:00:00','Mixto',4,183,319,183),(184,'2025-04-30 12:00:00','Mixto',5,184,318,184),(185,'2025-06-12 12:00:00','Mixto',6,185,317,185),(186,'2025-07-20 12:00:00','Mixto',7,186,316,186),(187,'2025-08-05 12:00:00','Mixto',8,187,315,187),(188,'2025-06-15 12:00:00','Mixto',9,188,314,188),(189,'2025-07-25 12:00:00','Mixto',10,189,313,189),(190,'2025-09-15 12:00:00','Mixto',11,190,312,190),(191,'2025-10-30 12:00:00','Mixto',12,191,311,191),(192,'2025-11-20 12:00:00','Mixto',13,192,310,192),(193,'2025-10-05 12:00:00','Mixto',14,193,309,193),(194,'2025-11-10 12:00:00','Mixto',15,194,308,194),(195,'2025-12-15 12:00:00','Mixto',16,195,307,195),(196,'2026-01-10 12:00:00','Mixto',17,196,306,196),(197,'2026-02-05 12:00:00','Mixto',18,197,305,197),(198,'2025-12-20 12:00:00','Mixto',19,198,304,198),(199,'2026-01-25 12:00:00','Mixto',20,199,303,199),(200,'2025-03-21 12:00:00','Mixto',1,200,302,200),(201,'2025-04-15 12:00:00','Mixto',2,201,301,201),(202,'2025-05-10 12:00:00','Mixto',3,202,300,202),(203,'2025-03-25 12:00:00','Mixto',4,203,299,203),(204,'2025-04-30 12:00:00','Mixto',5,204,298,204),(205,'2025-06-12 12:00:00','Mixto',6,205,297,205),(206,'2025-07-20 12:00:00','Mixto',7,206,296,206),(207,'2025-08-05 12:00:00','Mixto',8,207,295,207),(208,'2025-06-15 12:00:00','Mixto',9,208,294,208),(209,'2025-07-25 12:00:00','Mixto',10,209,293,209),(210,'2025-09-15 12:00:00','Mixto',11,210,292,210),(211,'2025-10-30 12:00:00','Mixto',12,211,291,211),(212,'2025-11-20 12:00:00','Mixto',13,212,290,212),(213,'2025-10-05 12:00:00','Mixto',14,213,289,213),(214,'2025-11-10 12:00:00','Mixto',15,214,288,214),(215,'2025-12-15 12:00:00','Mixto',16,215,287,215),(216,'2026-01-10 12:00:00','Mixto',17,216,286,216),(217,'2026-02-05 12:00:00','Mixto',18,217,285,217),(218,'2025-12-20 12:00:00','Mixto',19,218,284,218),(219,'2026-01-25 12:00:00','Mixto',20,219,283,219),(220,'2025-03-21 12:00:00','Mixto',1,220,282,220),(221,'2025-04-15 12:00:00','Mixto',2,221,281,221),(222,'2025-05-10 12:00:00','Mixto',3,222,280,222),(223,'2025-03-25 12:00:00','Mixto',4,223,279,223),(224,'2025-04-30 12:00:00','Mixto',5,224,278,224),(225,'2025-06-12 12:00:00','Mixto',6,225,277,225),(226,'2025-07-20 12:00:00','Mixto',7,226,276,226),(227,'2025-08-05 12:00:00','Mixto',8,227,275,227),(228,'2025-06-15 12:00:00','Mixto',9,228,274,228),(229,'2025-07-25 12:00:00','Mixto',10,229,273,229),(230,'2025-09-15 12:00:00','Mixto',11,230,272,230),(231,'2025-10-30 12:00:00','Mixto',12,231,271,231),(232,'2025-11-20 12:00:00','Mixto',13,232,270,232),(233,'2025-10-05 12:00:00','Mixto',14,233,269,233),(234,'2025-11-10 12:00:00','Mixto',15,234,268,234),(235,'2025-12-15 12:00:00','Mixto',16,235,267,235),(236,'2026-01-10 12:00:00','Mixto',17,236,266,236),(237,'2026-02-05 12:00:00','Mixto',18,237,265,237),(238,'2025-12-20 12:00:00','Mixto',19,238,264,238),(239,'2026-01-25 12:00:00','Mixto',20,239,263,239),(240,'2025-03-21 12:00:00','Mixto',1,240,262,240),(241,'2025-04-15 12:00:00','Mixto',2,241,261,241),(242,'2025-05-10 12:00:00','Mixto',3,242,260,242),(243,'2025-03-25 12:00:00','Mixto',4,243,259,243),(244,'2025-04-30 12:00:00','Mixto',5,244,258,244),(245,'2025-06-12 12:00:00','Mixto',6,245,257,245),(246,'2025-07-20 12:00:00','Mixto',7,246,256,246),(247,'2025-08-05 12:00:00','Mixto',8,247,255,247),(248,'2025-06-15 12:00:00','Mixto',9,248,254,248),(249,'2025-07-25 12:00:00','Mixto',10,249,253,249),(250,'2025-09-15 12:00:00','Mixto',11,250,252,250),(251,'2025-10-30 12:00:00','Mixto',12,251,250,251),(252,'2025-11-20 12:00:00','Mixto',13,252,251,252),(253,'2025-10-05 12:00:00','Mixto',14,253,249,253),(254,'2025-11-10 12:00:00','Mixto',15,254,248,254),(255,'2025-12-15 12:00:00','Mixto',16,255,247,255),(256,'2026-01-10 12:00:00','Mixto',17,256,246,256),(257,'2026-02-05 12:00:00','Mixto',18,257,245,257),(258,'2025-12-20 12:00:00','Mixto',19,258,244,258),(259,'2026-01-25 12:00:00','Mixto',20,259,243,259),(260,'2025-03-21 12:00:00','Mixto',1,260,242,260),(261,'2025-04-15 12:00:00','Mixto',2,261,241,261),(262,'2025-05-10 12:00:00','Mixto',3,262,240,262),(263,'2025-03-25 12:00:00','Mixto',4,263,239,263),(264,'2025-04-30 12:00:00','Mixto',5,264,238,264),(265,'2025-06-12 12:00:00','Mixto',6,265,237,265),(266,'2025-07-20 12:00:00','Mixto',7,266,236,266),(267,'2025-08-05 12:00:00','Mixto',8,267,235,267),(268,'2025-06-15 12:00:00','Mixto',9,268,234,268),(269,'2025-07-25 12:00:00','Mixto',10,269,233,269),(270,'2025-09-15 12:00:00','Mixto',11,270,232,270),(271,'2025-10-30 12:00:00','Mixto',12,271,231,271),(272,'2025-11-20 12:00:00','Mixto',13,272,230,272),(273,'2025-10-05 12:00:00','Mixto',14,273,229,273),(274,'2025-11-10 12:00:00','Mixto',15,274,228,274),(275,'2025-12-15 12:00:00','Mixto',16,275,227,275),(276,'2026-01-10 12:00:00','Mixto',17,276,226,276),(277,'2026-02-05 12:00:00','Mixto',18,277,225,277),(278,'2025-12-20 12:00:00','Mixto',19,278,224,278),(279,'2026-01-25 12:00:00','Mixto',20,279,223,279),(280,'2025-03-21 12:00:00','Mixto',1,280,222,280),(281,'2025-04-15 12:00:00','Mixto',2,281,221,281),(282,'2025-05-10 12:00:00','Mixto',3,282,220,282),(283,'2025-03-25 12:00:00','Mixto',4,283,219,283),(284,'2025-04-30 12:00:00','Mixto',5,284,218,284),(285,'2025-06-12 12:00:00','Mixto',6,285,217,285),(286,'2025-07-20 12:00:00','Mixto',7,286,216,286),(287,'2025-08-05 12:00:00','Mixto',8,287,215,287),(288,'2025-06-15 12:00:00','Mixto',9,288,214,288),(289,'2025-07-25 12:00:00','Mixto',10,289,213,289),(290,'2025-09-15 12:00:00','Mixto',11,290,212,290),(291,'2025-10-30 12:00:00','Mixto',12,291,211,291),(292,'2025-11-20 12:00:00','Mixto',13,292,210,292),(293,'2025-10-05 12:00:00','Mixto',14,293,209,293),(294,'2025-11-10 12:00:00','Mixto',15,294,208,294),(295,'2025-12-15 12:00:00','Mixto',16,295,207,295),(296,'2026-01-10 12:00:00','Mixto',17,296,206,296),(297,'2026-02-05 12:00:00','Mixto',18,297,205,297),(298,'2025-12-20 12:00:00','Mixto',19,298,204,298),(299,'2026-01-25 12:00:00','Mixto',20,299,203,299),(300,'2025-03-21 12:00:00','Mixto',1,300,202,300),(301,'2025-04-15 12:00:00','Mixto',2,301,201,301),(302,'2025-05-10 12:00:00','Mixto',3,302,200,302),(303,'2025-03-25 12:00:00','Mixto',4,303,199,303),(304,'2025-04-30 12:00:00','Mixto',5,304,198,304),(305,'2025-06-12 12:00:00','Mixto',6,305,197,305),(306,'2025-07-20 12:00:00','Mixto',7,306,196,306),(307,'2025-08-05 12:00:00','Mixto',8,307,195,307),(308,'2025-06-15 12:00:00','Mixto',9,308,194,308),(309,'2025-07-25 12:00:00','Mixto',10,309,193,309),(310,'2025-09-15 12:00:00','Mixto',11,310,192,310),(311,'2025-10-30 12:00:00','Mixto',12,311,191,311),(312,'2025-11-20 12:00:00','Mixto',13,312,190,312),(313,'2025-10-05 12:00:00','Mixto',14,313,189,313),(314,'2025-11-10 12:00:00','Mixto',15,314,188,314),(315,'2025-12-15 12:00:00','Mixto',16,315,187,315),(316,'2026-01-10 12:00:00','Mixto',17,316,186,316),(317,'2026-02-05 12:00:00','Mixto',18,317,185,317),(318,'2025-12-20 12:00:00','Mixto',19,318,184,318),(319,'2026-01-25 12:00:00','Mixto',20,319,183,319),(320,'2025-03-21 12:00:00','Mixto',1,320,182,320),(321,'2025-04-15 12:00:00','Mixto',2,321,181,321),(322,'2025-05-10 12:00:00','Mixto',3,322,180,322),(323,'2025-03-25 12:00:00','Mixto',4,323,179,323),(324,'2025-04-30 12:00:00','Mixto',5,324,178,324),(325,'2025-06-12 12:00:00','Mixto',6,325,177,325),(326,'2025-07-20 12:00:00','Mixto',7,326,176,326),(327,'2025-08-05 12:00:00','Mixto',8,327,175,327),(328,'2025-06-15 12:00:00','Mixto',9,328,174,328),(329,'2025-07-25 12:00:00','Mixto',10,329,173,329),(330,'2025-09-15 12:00:00','Mixto',11,330,172,330),(331,'2025-10-30 12:00:00','Mixto',12,331,171,331),(332,'2025-11-20 12:00:00','Mixto',13,332,170,332),(333,'2025-10-05 12:00:00','Mixto',14,333,169,333),(334,'2025-11-10 12:00:00','Mixto',15,334,168,334),(335,'2025-12-15 12:00:00','Mixto',16,335,167,335),(336,'2026-01-10 12:00:00','Mixto',17,336,166,336),(337,'2026-02-05 12:00:00','Mixto',18,337,165,337),(338,'2025-12-20 12:00:00','Mixto',19,338,164,338),(339,'2026-01-25 12:00:00','Mixto',20,339,163,339),(340,'2025-03-21 12:00:00','Mixto',1,340,162,340),(341,'2025-04-15 12:00:00','Mixto',2,341,161,341),(342,'2025-05-10 12:00:00','Mixto',3,342,160,342),(343,'2025-03-25 12:00:00','Mixto',4,343,159,343),(344,'2025-04-30 12:00:00','Mixto',5,344,158,344),(345,'2025-06-12 12:00:00','Mixto',6,345,157,345),(346,'2025-07-20 12:00:00','Mixto',7,346,156,346),(347,'2025-08-05 12:00:00','Mixto',8,347,155,347),(348,'2025-06-15 12:00:00','Mixto',9,348,154,348),(349,'2025-07-25 12:00:00','Mixto',10,349,153,349),(350,'2025-09-15 12:00:00','Mixto',11,350,152,350),(351,'2025-10-30 12:00:00','Mixto',12,351,151,351),(352,'2025-11-20 12:00:00','Mixto',13,352,150,352),(353,'2025-10-05 12:00:00','Mixto',14,353,149,353),(354,'2025-11-10 12:00:00','Mixto',15,354,148,354),(355,'2025-12-15 12:00:00','Mixto',16,355,147,355),(356,'2026-01-10 12:00:00','Mixto',17,356,146,356),(357,'2026-02-05 12:00:00','Mixto',18,357,145,357),(358,'2025-12-20 12:00:00','Mixto',19,358,144,358),(359,'2026-01-25 12:00:00','Mixto',20,359,143,359),(360,'2025-03-21 12:00:00','Mixto',1,360,142,360),(361,'2025-04-15 12:00:00','Mixto',2,361,141,361),(362,'2025-05-10 12:00:00','Mixto',3,362,140,362),(363,'2025-03-25 12:00:00','Mixto',4,363,139,363),(364,'2025-04-30 12:00:00','Mixto',5,364,138,364),(365,'2025-06-12 12:00:00','Mixto',6,365,137,365),(366,'2025-07-20 12:00:00','Mixto',7,366,136,366),(367,'2025-08-05 12:00:00','Mixto',8,367,135,367),(368,'2025-06-15 12:00:00','Mixto',9,368,134,368),(369,'2025-07-25 12:00:00','Mixto',10,369,133,369),(370,'2025-09-15 12:00:00','Mixto',11,370,132,370),(371,'2025-10-30 12:00:00','Mixto',12,371,131,371),(372,'2025-11-20 12:00:00','Mixto',13,372,130,372),(373,'2025-10-05 12:00:00','Mixto',14,373,129,373),(374,'2025-11-10 12:00:00','Mixto',15,374,128,374),(375,'2025-12-15 12:00:00','Mixto',16,375,127,375),(376,'2026-01-10 12:00:00','Mixto',17,376,126,376),(377,'2026-02-05 12:00:00','Mixto',18,377,125,377),(378,'2025-12-20 12:00:00','Mixto',19,378,124,378),(379,'2026-01-25 12:00:00','Mixto',20,379,123,379),(380,'2025-03-21 12:00:00','Mixto',1,380,122,380),(381,'2025-04-15 12:00:00','Mixto',2,381,121,381),(382,'2025-05-10 12:00:00','Mixto',3,382,120,382),(383,'2025-03-25 12:00:00','Mixto',4,383,119,383),(384,'2025-04-30 12:00:00','Mixto',5,384,118,384),(385,'2025-06-12 12:00:00','Mixto',6,385,117,385),(386,'2025-07-20 12:00:00','Mixto',7,386,116,386),(387,'2025-08-05 12:00:00','Mixto',8,387,115,387),(388,'2025-06-15 12:00:00','Mixto',9,388,114,388),(389,'2025-07-25 12:00:00','Mixto',10,389,113,389),(390,'2025-09-15 12:00:00','Mixto',11,390,112,390),(391,'2025-10-30 12:00:00','Mixto',12,391,111,391),(392,'2025-11-20 12:00:00','Mixto',13,392,110,392),(393,'2025-10-05 12:00:00','Mixto',14,393,109,393),(394,'2025-11-10 12:00:00','Mixto',15,394,108,394),(395,'2025-12-15 12:00:00','Mixto',16,395,107,395),(396,'2026-01-10 12:00:00','Mixto',17,396,106,396),(397,'2026-02-05 12:00:00','Mixto',18,397,105,397),(398,'2025-12-20 12:00:00','Mixto',19,398,104,398),(399,'2026-01-25 12:00:00','Mixto',20,399,103,399),(400,'2025-03-21 12:00:00','Mixto',1,400,102,400),(401,'2025-04-15 12:00:00','Mixto',2,401,101,401),(402,'2025-05-10 12:00:00','Mixto',3,402,100,402),(403,'2025-03-25 12:00:00','Mixto',4,403,99,403),(404,'2025-04-30 12:00:00','Mixto',5,404,98,404),(405,'2025-06-12 12:00:00','Mixto',6,405,97,405),(406,'2025-07-20 12:00:00','Mixto',7,406,96,406),(407,'2025-08-05 12:00:00','Mixto',8,407,95,407),(408,'2025-06-15 12:00:00','Mixto',9,408,94,408),(409,'2025-07-25 12:00:00','Mixto',10,409,93,409),(410,'2025-09-15 12:00:00','Mixto',11,410,92,410),(411,'2025-10-30 12:00:00','Mixto',12,411,91,411),(412,'2025-11-20 12:00:00','Mixto',13,412,90,412),(413,'2025-10-05 12:00:00','Mixto',14,413,89,413),(414,'2025-11-10 12:00:00','Mixto',15,414,88,414),(415,'2025-12-15 12:00:00','Mixto',16,415,87,415),(416,'2026-01-10 12:00:00','Mixto',17,416,86,416),(417,'2026-02-05 12:00:00','Mixto',18,417,85,417),(418,'2025-12-20 12:00:00','Mixto',19,418,84,418),(419,'2026-01-25 12:00:00','Mixto',20,419,83,419),(420,'2025-03-21 12:00:00','Mixto',1,420,82,420),(421,'2025-04-15 12:00:00','Mixto',2,421,81,421),(422,'2025-05-10 12:00:00','Mixto',3,422,80,422),(423,'2025-03-25 12:00:00','Mixto',4,423,79,423),(424,'2025-04-30 12:00:00','Mixto',5,424,78,424),(425,'2025-06-12 12:00:00','Mixto',6,425,77,425),(426,'2025-07-20 12:00:00','Mixto',7,426,76,426),(427,'2025-08-05 12:00:00','Mixto',8,427,75,427),(428,'2025-06-15 12:00:00','Mixto',9,428,74,428),(429,'2025-07-25 12:00:00','Mixto',10,429,73,429),(430,'2025-09-15 12:00:00','Mixto',11,430,72,430),(431,'2025-10-30 12:00:00','Mixto',12,431,71,431),(432,'2025-11-20 12:00:00','Mixto',13,432,70,432),(433,'2025-10-05 12:00:00','Mixto',14,433,69,433),(434,'2025-11-10 12:00:00','Mixto',15,434,68,434),(435,'2025-12-15 12:00:00','Mixto',16,435,67,435),(436,'2026-01-10 12:00:00','Mixto',17,436,66,436),(437,'2026-02-05 12:00:00','Mixto',18,437,65,437),(438,'2025-12-20 12:00:00','Mixto',19,438,64,438),(439,'2026-01-25 12:00:00','Mixto',20,439,63,439),(440,'2025-03-21 12:00:00','Mixto',1,440,62,440),(441,'2025-04-15 12:00:00','Mixto',2,441,61,441),(442,'2025-05-10 12:00:00','Mixto',3,442,60,442),(443,'2025-03-25 12:00:00','Mixto',4,443,59,443),(444,'2025-04-30 12:00:00','Mixto',5,444,58,444),(445,'2025-06-12 12:00:00','Mixto',6,445,57,445),(446,'2025-07-20 12:00:00','Mixto',7,446,56,446),(447,'2025-08-05 12:00:00','Mixto',8,447,55,447),(448,'2025-06-15 12:00:00','Mixto',9,448,54,448),(449,'2025-07-25 12:00:00','Mixto',10,449,53,449),(450,'2025-09-15 12:00:00','Mixto',11,450,52,450),(451,'2025-10-30 12:00:00','Mixto',12,451,51,451),(452,'2025-11-20 12:00:00','Mixto',13,452,50,452),(453,'2025-10-05 12:00:00','Mixto',14,453,49,453),(454,'2025-11-10 12:00:00','Mixto',15,454,48,454),(455,'2025-12-15 12:00:00','Mixto',16,455,47,455),(456,'2026-01-10 12:00:00','Mixto',17,456,46,456),(457,'2026-02-05 12:00:00','Mixto',18,457,45,457),(458,'2025-12-20 12:00:00','Mixto',19,458,44,458),(459,'2026-01-25 12:00:00','Mixto',20,459,43,459),(460,'2025-03-21 12:00:00','Mixto',1,460,42,460),(461,'2025-04-15 12:00:00','Mixto',2,461,41,461),(462,'2025-05-10 12:00:00','Mixto',3,462,40,462),(463,'2025-03-25 12:00:00','Mixto',4,463,39,463),(464,'2025-04-30 12:00:00','Mixto',5,464,38,464),(465,'2025-06-12 12:00:00','Mixto',6,465,37,465),(466,'2025-07-20 12:00:00','Mixto',7,466,36,466),(467,'2025-08-05 12:00:00','Mixto',8,467,35,467),(468,'2025-06-15 12:00:00','Mixto',9,468,34,468),(469,'2025-07-25 12:00:00','Mixto',10,469,33,469),(470,'2025-09-15 12:00:00','Mixto',11,470,32,470),(471,'2025-10-30 12:00:00','Mixto',12,471,31,471),(472,'2025-11-20 12:00:00','Mixto',13,472,30,472),(473,'2025-10-05 12:00:00','Mixto',14,473,29,473),(474,'2025-11-10 12:00:00','Mixto',15,474,28,474),(475,'2025-12-15 12:00:00','Mixto',16,475,27,475),(476,'2026-01-10 12:00:00','Mixto',17,476,26,476),(477,'2026-02-05 12:00:00','Mixto',18,477,25,477),(478,'2025-12-20 12:00:00','Mixto',19,478,24,478),(479,'2026-01-25 12:00:00','Mixto',20,479,23,479),(480,'2025-03-21 12:00:00','Mixto',1,480,22,480),(481,'2025-04-15 12:00:00','Mixto',2,481,21,481),(482,'2025-05-10 12:00:00','Mixto',3,482,20,482),(483,'2025-03-25 12:00:00','Mixto',4,483,19,483),(484,'2025-04-30 12:00:00','Mixto',5,484,18,484),(485,'2025-06-12 12:00:00','Mixto',6,485,17,485),(486,'2025-07-20 12:00:00','Mixto',7,486,16,486),(487,'2025-08-05 12:00:00','Mixto',8,487,15,487),(488,'2025-06-15 12:00:00','Mixto',9,488,14,488),(489,'2025-07-25 12:00:00','Mixto',10,489,13,489),(490,'2025-09-15 12:00:00','Mixto',11,490,12,490),(491,'2025-10-30 12:00:00','Mixto',12,491,11,491),(492,'2025-11-20 12:00:00','Mixto',13,492,10,492),(493,'2025-10-05 12:00:00','Mixto',14,493,9,493),(494,'2025-11-10 12:00:00','Mixto',15,494,8,494),(495,'2025-12-15 12:00:00','Mixto',16,495,7,495),(496,'2026-01-10 12:00:00','Mixto',17,496,6,496),(497,'2026-02-05 12:00:00','Mixto',18,497,5,497),(498,'2025-12-20 12:00:00','Mixto',19,498,4,498),(499,'2026-01-25 12:00:00','Mixto',20,499,3,499),(500,'2025-03-21 12:00:00','Mixto',1,500,1,500),(501,'2025-03-21 12:00:00','Mixto',1,501,502,501),(502,'2025-04-15 12:00:00','Mixto',2,502,503,502),(503,'2025-05-10 12:00:00','Mixto',3,503,504,503),(504,'2025-03-25 12:00:00','Mixto',4,504,505,504),(505,'2025-04-30 12:00:00','Mixto',5,505,506,505),(506,'2025-06-12 12:00:00','Mixto',6,506,507,506),(507,'2025-07-20 12:00:00','Mixto',7,507,508,507),(508,'2025-08-05 12:00:00','Mixto',8,508,509,508),(509,'2025-06-15 12:00:00','Mixto',9,509,510,509),(510,'2025-07-25 12:00:00','Mixto',10,510,511,510),(511,'2025-09-15 12:00:00','Mixto',11,511,512,511),(512,'2025-10-30 12:00:00','Mixto',12,512,513,512),(513,'2025-11-20 12:00:00','Mixto',13,513,514,513),(514,'2025-10-05 12:00:00','Mixto',14,514,515,514),(515,'2025-11-10 12:00:00','Mixto',15,515,516,515),(516,'2025-12-15 12:00:00','Mixto',16,516,517,516),(517,'2026-01-10 12:00:00','Mixto',17,517,518,517),(518,'2026-02-05 12:00:00','Mixto',18,518,519,518),(519,'2025-12-20 12:00:00','Mixto',19,519,520,519),(520,'2026-01-25 12:00:00','Mixto',20,520,521,520),(521,'2025-03-21 12:00:00','Mixto',1,521,522,521),(522,'2025-04-15 12:00:00','Mixto',2,522,523,522),(523,'2025-05-10 12:00:00','Mixto',3,523,524,523),(524,'2025-03-25 12:00:00','Mixto',4,524,525,524),(525,'2025-04-30 12:00:00','Mixto',5,525,526,525),(526,'2025-06-12 12:00:00','Mixto',6,526,527,526),(527,'2025-07-20 12:00:00','Mixto',7,527,528,527),(528,'2025-08-05 12:00:00','Mixto',8,528,529,528),(529,'2025-06-15 12:00:00','Mixto',9,529,530,529),(530,'2025-07-25 12:00:00','Mixto',10,530,531,530),(531,'2025-09-15 12:00:00','Mixto',11,531,532,531),(532,'2025-10-30 12:00:00','Mixto',12,532,533,532),(533,'2025-11-20 12:00:00','Mixto',13,533,534,533),(534,'2025-10-05 12:00:00','Mixto',14,534,535,534),(535,'2025-11-10 12:00:00','Mixto',15,535,536,535),(536,'2025-12-15 12:00:00','Mixto',16,536,537,536),(537,'2026-01-10 12:00:00','Mixto',17,537,538,537),(538,'2026-02-05 12:00:00','Mixto',18,538,539,538),(539,'2025-12-20 12:00:00','Mixto',19,539,540,539),(540,'2026-01-25 12:00:00','Mixto',20,540,541,540),(541,'2025-03-21 12:00:00','Mixto',1,541,542,541),(542,'2025-04-15 12:00:00','Mixto',2,542,543,542),(543,'2025-05-10 12:00:00','Mixto',3,543,544,543),(544,'2025-03-25 12:00:00','Mixto',4,544,545,544),(545,'2025-04-30 12:00:00','Mixto',5,545,546,545),(546,'2025-06-12 12:00:00','Mixto',6,546,547,546),(547,'2025-07-20 12:00:00','Mixto',7,547,548,547),(548,'2025-08-05 12:00:00','Mixto',8,548,549,548),(549,'2025-06-15 12:00:00','Mixto',9,549,550,549),(550,'2025-07-25 12:00:00','Mixto',10,550,551,550),(551,'2025-09-15 12:00:00','Mixto',11,551,552,551),(552,'2025-10-30 12:00:00','Mixto',12,552,553,552),(553,'2025-11-20 12:00:00','Mixto',13,553,554,553),(554,'2025-10-05 12:00:00','Mixto',14,554,555,554),(555,'2025-11-10 12:00:00','Mixto',15,555,556,555),(556,'2025-12-15 12:00:00','Mixto',16,556,557,556),(557,'2026-01-10 12:00:00','Mixto',17,557,558,557),(558,'2026-02-05 12:00:00','Mixto',18,558,559,558),(559,'2025-12-20 12:00:00','Mixto',19,559,560,559),(560,'2026-01-25 12:00:00','Mixto',20,560,561,560),(561,'2025-03-21 12:00:00','Mixto',1,561,562,561),(562,'2025-04-15 12:00:00','Mixto',2,562,563,562),(563,'2025-05-10 12:00:00','Mixto',3,563,564,563),(564,'2025-03-25 12:00:00','Mixto',4,564,565,564),(565,'2025-04-30 12:00:00','Mixto',5,565,566,565),(566,'2025-06-12 12:00:00','Mixto',6,566,567,566),(567,'2025-07-20 12:00:00','Mixto',7,567,568,567),(568,'2025-08-05 12:00:00','Mixto',8,568,569,568),(569,'2025-06-15 12:00:00','Mixto',9,569,570,569),(570,'2025-07-25 12:00:00','Mixto',10,570,571,570),(571,'2025-09-15 12:00:00','Mixto',11,571,572,571),(572,'2025-10-30 12:00:00','Mixto',12,572,573,572),(573,'2025-11-20 12:00:00','Mixto',13,573,574,573),(574,'2025-10-05 12:00:00','Mixto',14,574,575,574),(575,'2025-11-10 12:00:00','Mixto',15,575,576,575),(576,'2025-12-15 12:00:00','Mixto',16,576,577,576),(577,'2026-01-10 12:00:00','Mixto',17,577,578,577),(578,'2026-02-05 12:00:00','Mixto',18,578,579,578),(579,'2025-12-20 12:00:00','Mixto',19,579,580,579),(580,'2026-01-25 12:00:00','Mixto',20,580,581,580),(581,'2025-03-21 12:00:00','Mixto',1,581,582,581),(582,'2025-04-15 12:00:00','Mixto',2,582,583,582),(583,'2025-05-10 12:00:00','Mixto',3,583,584,583),(584,'2025-03-25 12:00:00','Mixto',4,584,585,584),(585,'2025-04-30 12:00:00','Mixto',5,585,586,585),(586,'2025-06-12 12:00:00','Mixto',6,586,587,586),(587,'2025-07-20 12:00:00','Mixto',7,587,588,587),(588,'2025-08-05 12:00:00','Mixto',8,588,589,588),(589,'2025-06-15 12:00:00','Mixto',9,589,590,589),(590,'2025-07-25 12:00:00','Mixto',10,590,591,590),(591,'2025-09-15 12:00:00','Mixto',11,591,592,591),(592,'2025-10-30 12:00:00','Mixto',12,592,593,592),(593,'2025-11-20 12:00:00','Mixto',13,593,594,593),(594,'2025-10-05 12:00:00','Mixto',14,594,595,594),(595,'2025-11-10 12:00:00','Mixto',15,595,596,595),(596,'2025-12-15 12:00:00','Mixto',16,596,597,596),(597,'2026-01-10 12:00:00','Mixto',17,597,598,597),(598,'2026-02-05 12:00:00','Mixto',18,598,599,598),(599,'2025-12-20 12:00:00','Mixto',19,599,600,599),(600,'2026-01-25 12:00:00','Mixto',20,600,601,600),(601,'2025-03-21 12:00:00','Mixto',1,601,602,601),(602,'2025-04-15 12:00:00','Mixto',2,602,603,602),(603,'2025-05-10 12:00:00','Mixto',3,603,604,603),(604,'2025-03-25 12:00:00','Mixto',4,604,605,604),(605,'2025-04-30 12:00:00','Mixto',5,605,606,605),(606,'2025-06-12 12:00:00','Mixto',6,606,607,606),(607,'2025-07-20 12:00:00','Mixto',7,607,608,607),(608,'2025-08-05 12:00:00','Mixto',8,608,609,608),(609,'2025-06-15 12:00:00','Mixto',9,609,610,609),(610,'2025-07-25 12:00:00','Mixto',10,610,611,610),(611,'2025-09-15 12:00:00','Mixto',11,611,612,611),(612,'2025-10-30 12:00:00','Mixto',12,612,613,612),(613,'2025-11-20 12:00:00','Mixto',13,613,614,613),(614,'2025-10-05 12:00:00','Mixto',14,614,615,614),(615,'2025-11-10 12:00:00','Mixto',15,615,616,615),(616,'2025-12-15 12:00:00','Mixto',16,616,617,616),(617,'2026-01-10 12:00:00','Mixto',17,617,618,617),(618,'2026-02-05 12:00:00','Mixto',18,618,619,618),(619,'2025-12-20 12:00:00','Mixto',19,619,620,619),(620,'2026-01-25 12:00:00','Mixto',20,620,621,620),(621,'2025-03-21 12:00:00','Mixto',1,621,622,621),(622,'2025-04-15 12:00:00','Mixto',2,622,623,622),(623,'2025-05-10 12:00:00','Mixto',3,623,624,623),(624,'2025-03-25 12:00:00','Mixto',4,624,625,624),(625,'2025-04-30 12:00:00','Mixto',5,625,626,625),(626,'2025-06-12 12:00:00','Mixto',6,626,627,626),(627,'2025-07-20 12:00:00','Mixto',7,627,628,627),(628,'2025-08-05 12:00:00','Mixto',8,628,629,628),(629,'2025-06-15 12:00:00','Mixto',9,629,630,629),(630,'2025-07-25 12:00:00','Mixto',10,630,631,630),(631,'2025-09-15 12:00:00','Mixto',11,631,632,631),(632,'2025-10-30 12:00:00','Mixto',12,632,633,632),(633,'2025-11-20 12:00:00','Mixto',13,633,634,633),(634,'2025-10-05 12:00:00','Mixto',14,634,635,634),(635,'2025-11-10 12:00:00','Mixto',15,635,636,635),(636,'2025-12-15 12:00:00','Mixto',16,636,637,636),(637,'2026-01-10 12:00:00','Mixto',17,637,638,637),(638,'2026-02-05 12:00:00','Mixto',18,638,639,638),(639,'2025-12-20 12:00:00','Mixto',19,639,640,639),(640,'2026-01-25 12:00:00','Mixto',20,640,641,640),(641,'2025-03-21 12:00:00','Mixto',1,641,642,641),(642,'2025-04-15 12:00:00','Mixto',2,642,643,642),(643,'2025-05-10 12:00:00','Mixto',3,643,644,643),(644,'2025-03-25 12:00:00','Mixto',4,644,645,644),(645,'2025-04-30 12:00:00','Mixto',5,645,646,645),(646,'2025-06-12 12:00:00','Mixto',6,646,647,646),(647,'2025-07-20 12:00:00','Mixto',7,647,648,647),(648,'2025-08-05 12:00:00','Mixto',8,648,649,648),(649,'2025-06-15 12:00:00','Mixto',9,649,650,649),(650,'2025-07-25 12:00:00','Mixto',10,650,651,650),(651,'2025-09-15 12:00:00','Mixto',11,651,652,651),(652,'2025-10-30 12:00:00','Mixto',12,652,653,652),(653,'2025-11-20 12:00:00','Mixto',13,653,654,653),(654,'2025-10-05 12:00:00','Mixto',14,654,655,654),(655,'2025-11-10 12:00:00','Mixto',15,655,656,655),(656,'2025-12-15 12:00:00','Mixto',16,656,657,656),(657,'2026-01-10 12:00:00','Mixto',17,657,658,657),(658,'2026-02-05 12:00:00','Mixto',18,658,659,658),(659,'2025-12-20 12:00:00','Mixto',19,659,660,659),(660,'2026-01-25 12:00:00','Mixto',20,660,661,660),(661,'2025-03-21 12:00:00','Mixto',1,661,662,661),(662,'2025-04-15 12:00:00','Mixto',2,662,663,662),(663,'2025-05-10 12:00:00','Mixto',3,663,664,663),(664,'2025-03-25 12:00:00','Mixto',4,664,665,664),(665,'2025-04-30 12:00:00','Mixto',5,665,666,665),(666,'2025-06-12 12:00:00','Mixto',6,666,667,666),(667,'2025-07-20 12:00:00','Mixto',7,667,668,667),(668,'2025-08-05 12:00:00','Mixto',8,668,669,668),(669,'2025-06-15 12:00:00','Mixto',9,669,670,669),(670,'2025-07-25 12:00:00','Mixto',10,670,671,670),(671,'2025-09-15 12:00:00','Mixto',11,671,672,671),(672,'2025-10-30 12:00:00','Mixto',12,672,673,672),(673,'2025-11-20 12:00:00','Mixto',13,673,674,673),(674,'2025-10-05 12:00:00','Mixto',14,674,675,674),(675,'2025-11-10 12:00:00','Mixto',15,675,676,675),(676,'2025-12-15 12:00:00','Mixto',16,676,677,676),(677,'2026-01-10 12:00:00','Mixto',17,677,678,677),(678,'2026-02-05 12:00:00','Mixto',18,678,679,678),(679,'2025-12-20 12:00:00','Mixto',19,679,680,679),(680,'2026-01-25 12:00:00','Mixto',20,680,681,680),(681,'2025-03-21 12:00:00','Mixto',1,681,682,681),(682,'2025-04-15 12:00:00','Mixto',2,682,683,682),(683,'2025-05-10 12:00:00','Mixto',3,683,684,683),(684,'2025-03-25 12:00:00','Mixto',4,684,685,684),(685,'2025-04-30 12:00:00','Mixto',5,685,686,685),(686,'2025-06-12 12:00:00','Mixto',6,686,687,686),(687,'2025-07-20 12:00:00','Mixto',7,687,688,687),(688,'2025-08-05 12:00:00','Mixto',8,688,689,688),(689,'2025-06-15 12:00:00','Mixto',9,689,690,689),(690,'2025-07-25 12:00:00','Mixto',10,690,691,690),(691,'2025-09-15 12:00:00','Mixto',11,691,692,691),(692,'2025-10-30 12:00:00','Mixto',12,692,693,692),(693,'2025-11-20 12:00:00','Mixto',13,693,694,693),(694,'2025-10-05 12:00:00','Mixto',14,694,695,694),(695,'2025-11-10 12:00:00','Mixto',15,695,696,695),(696,'2025-12-15 12:00:00','Mixto',16,696,697,696),(697,'2026-01-10 12:00:00','Mixto',17,697,698,697),(698,'2026-02-05 12:00:00','Mixto',18,698,699,698),(699,'2025-12-20 12:00:00','Mixto',19,699,700,699),(700,'2026-01-25 12:00:00','Mixto',20,700,701,700),(701,'2025-03-21 12:00:00','Mixto',1,701,702,701),(702,'2025-04-15 12:00:00','Mixto',2,702,703,702),(703,'2025-05-10 12:00:00','Mixto',3,703,704,703),(704,'2025-03-25 12:00:00','Mixto',4,704,705,704),(705,'2025-04-30 12:00:00','Mixto',5,705,706,705),(706,'2025-06-12 12:00:00','Mixto',6,706,707,706),(707,'2025-07-20 12:00:00','Mixto',7,707,708,707),(708,'2025-08-05 12:00:00','Mixto',8,708,709,708),(709,'2025-06-15 12:00:00','Mixto',9,709,710,709),(710,'2025-07-25 12:00:00','Mixto',10,710,711,710),(711,'2025-09-15 12:00:00','Mixto',11,711,712,711),(712,'2025-10-30 12:00:00','Mixto',12,712,713,712),(713,'2025-11-20 12:00:00','Mixto',13,713,714,713),(714,'2025-10-05 12:00:00','Mixto',14,714,715,714),(715,'2025-11-10 12:00:00','Mixto',15,715,716,715),(716,'2025-12-15 12:00:00','Mixto',16,716,717,716),(717,'2026-01-10 12:00:00','Mixto',17,717,718,717),(718,'2026-02-05 12:00:00','Mixto',18,718,719,718),(719,'2025-12-20 12:00:00','Mixto',19,719,720,719),(720,'2026-01-25 12:00:00','Mixto',20,720,721,720),(721,'2025-03-21 12:00:00','Mixto',1,721,722,721),(722,'2025-04-15 12:00:00','Mixto',2,722,723,722),(723,'2025-05-10 12:00:00','Mixto',3,723,724,723),(724,'2025-03-25 12:00:00','Mixto',4,724,725,724),(725,'2025-04-30 12:00:00','Mixto',5,725,726,725),(726,'2025-06-12 12:00:00','Mixto',6,726,727,726),(727,'2025-07-20 12:00:00','Mixto',7,727,728,727),(728,'2025-08-05 12:00:00','Mixto',8,728,729,728),(729,'2025-06-15 12:00:00','Mixto',9,729,730,729),(730,'2025-07-25 12:00:00','Mixto',10,730,731,730),(731,'2025-09-15 12:00:00','Mixto',11,731,732,731),(732,'2025-10-30 12:00:00','Mixto',12,732,733,732),(733,'2025-11-20 12:00:00','Mixto',13,733,734,733),(734,'2025-10-05 12:00:00','Mixto',14,734,735,734),(735,'2025-11-10 12:00:00','Mixto',15,735,736,735),(736,'2025-12-15 12:00:00','Mixto',16,736,737,736),(737,'2026-01-10 12:00:00','Mixto',17,737,738,737),(738,'2026-02-05 12:00:00','Mixto',18,738,739,738),(739,'2025-12-20 12:00:00','Mixto',19,739,740,739),(740,'2026-01-25 12:00:00','Mixto',20,740,741,740),(741,'2025-03-21 12:00:00','Mixto',1,741,742,741),(742,'2025-04-15 12:00:00','Mixto',2,742,743,742),(743,'2025-05-10 12:00:00','Mixto',3,743,744,743),(744,'2025-03-25 12:00:00','Mixto',4,744,745,744),(745,'2025-04-30 12:00:00','Mixto',5,745,746,745),(746,'2025-06-12 12:00:00','Mixto',6,746,747,746),(747,'2025-07-20 12:00:00','Mixto',7,747,748,747),(748,'2025-08-05 12:00:00','Mixto',8,748,749,748),(749,'2025-06-15 12:00:00','Mixto',9,749,750,749),(750,'2025-07-25 12:00:00','Mixto',10,750,751,750),(751,'2025-09-15 12:00:00','Mixto',11,751,752,751),(752,'2025-10-30 12:00:00','Mixto',12,752,753,752),(753,'2025-11-20 12:00:00','Mixto',13,753,754,753),(754,'2025-10-05 12:00:00','Mixto',14,754,755,754),(755,'2025-11-10 12:00:00','Mixto',15,755,756,755),(756,'2025-12-15 12:00:00','Mixto',16,756,757,756),(757,'2026-01-10 12:00:00','Mixto',17,757,758,757),(758,'2026-02-05 12:00:00','Mixto',18,758,759,758),(759,'2025-12-20 12:00:00','Mixto',19,759,760,759),(760,'2026-01-25 12:00:00','Mixto',20,760,761,760),(761,'2025-03-21 12:00:00','Mixto',1,761,762,761),(762,'2025-04-15 12:00:00','Mixto',2,762,763,762),(763,'2025-05-10 12:00:00','Mixto',3,763,764,763),(764,'2025-03-25 12:00:00','Mixto',4,764,765,764),(765,'2025-04-30 12:00:00','Mixto',5,765,766,765),(766,'2025-06-12 12:00:00','Mixto',6,766,767,766),(767,'2025-07-20 12:00:00','Mixto',7,767,768,767),(768,'2025-08-05 12:00:00','Mixto',8,768,769,768),(769,'2025-06-15 12:00:00','Mixto',9,769,770,769),(770,'2025-07-25 12:00:00','Mixto',10,770,771,770),(771,'2025-09-15 12:00:00','Mixto',11,771,772,771),(772,'2025-10-30 12:00:00','Mixto',12,772,773,772),(773,'2025-11-20 12:00:00','Mixto',13,773,774,773),(774,'2025-10-05 12:00:00','Mixto',14,774,775,774),(775,'2025-11-10 12:00:00','Mixto',15,775,776,775),(776,'2025-12-15 12:00:00','Mixto',16,776,777,776),(777,'2026-01-10 12:00:00','Mixto',17,777,778,777),(778,'2026-02-05 12:00:00','Mixto',18,778,779,778),(779,'2025-12-20 12:00:00','Mixto',19,779,780,779),(780,'2026-01-25 12:00:00','Mixto',20,780,781,780),(781,'2025-03-21 12:00:00','Mixto',1,781,782,781),(782,'2025-04-15 12:00:00','Mixto',2,782,783,782),(783,'2025-05-10 12:00:00','Mixto',3,783,784,783),(784,'2025-03-25 12:00:00','Mixto',4,784,785,784),(785,'2025-04-30 12:00:00','Mixto',5,785,786,785),(786,'2025-06-12 12:00:00','Mixto',6,786,787,786),(787,'2025-07-20 12:00:00','Mixto',7,787,788,787),(788,'2025-08-05 12:00:00','Mixto',8,788,789,788),(789,'2025-06-15 12:00:00','Mixto',9,789,790,789),(790,'2025-07-25 12:00:00','Mixto',10,790,791,790),(791,'2025-09-15 12:00:00','Mixto',11,791,792,791),(792,'2025-10-30 12:00:00','Mixto',12,792,793,792),(793,'2025-11-20 12:00:00','Mixto',13,793,794,793),(794,'2025-10-05 12:00:00','Mixto',14,794,795,794),(795,'2025-11-10 12:00:00','Mixto',15,795,796,795),(796,'2025-12-15 12:00:00','Mixto',16,796,797,796),(797,'2026-01-10 12:00:00','Mixto',17,797,798,797),(798,'2026-02-05 12:00:00','Mixto',18,798,799,798),(799,'2025-12-20 12:00:00','Mixto',19,799,800,799),(800,'2026-01-25 12:00:00','Mixto',20,800,501,800);
/*!40000 ALTER TABLE `partidos` ENABLE KEYS */;
UNLOCK TABLES;

--
-- Table structure for table `torneos`
--

DROP TABLE IF EXISTS `torneos`;
/*!40101 SET @saved_cs_client     = @@character_set_client */;
/*!50503 SET character_set_client = utf8mb4 */;
CREATE TABLE `torneos` (
  `cod_torneo` int NOT NULL,
  `fecha` date DEFAULT NULL,
  `cod_ciudad` int NOT NULL,
  PRIMARY KEY (`cod_torneo`),
  KEY `fk_torneos_ciudad` (`cod_ciudad`),
  CONSTRAINT `fk_torneos_ciudad` FOREIGN KEY (`cod_ciudad`) REFERENCES `ciudad` (`cod_ciudad`)
) ENGINE=InnoDB DEFAULT CHARSET=utf8mb4 COLLATE=utf8mb4_0900_ai_ci;
/*!40101 SET character_set_client = @saved_cs_client */;

--
-- Dumping data for table `torneos`
--

LOCK TABLES `torneos` WRITE;
/*!40000 ALTER TABLE `torneos` DISABLE KEYS */;
INSERT INTO `torneos` VALUES (1,'2025-03-21',1),(2,'2025-04-15',2),(3,'2025-05-10',3),(4,'2025-03-25',4),(5,'2025-04-30',5),(6,'2025-06-12',6),(7,'2025-07-20',7),(8,'2025-08-05',8),(9,'2025-06-15',9),(10,'2025-07-25',10),(11,'2025-09-15',11),(12,'2025-10-30',12),(13,'2025-11-20',13),(14,'2025-10-05',14),(15,'2025-11-10',15),(16,'2025-12-15',16),(17,'2026-01-10',17),(18,'2026-02-05',18),(19,'2025-12-20',19),(20,'2026-01-25',20),(21,'2025-08-20',1),(22,'2024-02-15',2),(23,'2025-05-20',3);
/*!40000 ALTER TABLE `torneos` ENABLE KEYS */;
UNLOCK TABLES;
/*!50003 SET @saved_cs_client      = @@character_set_client */ ;
/*!50003 SET @saved_cs_results     = @@character_set_results */ ;
/*!50003 SET @saved_col_connection = @@collation_connection */ ;
/*!50003 SET character_set_client  = utf8mb4 */ ;
/*!50003 SET character_set_results = utf8mb4 */ ;
/*!50003 SET collation_connection  = utf8mb4_0900_ai_ci */ ;
/*!50003 SET @saved_sql_mode       = @@sql_mode */ ;
/*!50003 SET sql_mode              = 'ONLY_FULL_GROUP_BY,STRICT_TRANS_TABLES,NO_ZERO_IN_DATE,NO_ZERO_DATE,ERROR_FOR_DIVISION_BY_ZERO,NO_ENGINE_SUBSTITUTION' */ ;
DELIMITER ;;
/*!50003 CREATE*/ /*!50017 DEFINER=`root`@`localhost`*/ /*!50003 TRIGGER `fecha_torneo_comprobar` BEFORE UPDATE ON `torneos` FOR EACH ROW BEGIN
    
    IF NEW.fecha < CURDATE() THEN
        SET NEW.fecha = CURDATE();
    END IF;
END */;;
DELIMITER ;
/*!50003 SET sql_mode              = @saved_sql_mode */ ;
/*!50003 SET character_set_client  = @saved_cs_client */ ;
/*!50003 SET character_set_results = @saved_cs_results */ ;
/*!50003 SET collation_connection  = @saved_col_connection */ ;

--
-- Temporary view structure for view `vista_rank_masc`
--

DROP TABLE IF EXISTS `vista_rank_masc`;
/*!50001 DROP VIEW IF EXISTS `vista_rank_masc`*/;
SET @saved_cs_client     = @@character_set_client;
/*!50503 SET character_set_client = utf8mb4 */;
/*!50001 CREATE VIEW `vista_rank_masc` AS SELECT 
 1 AS `nombre`,
 1 AS `ranking`*/;
SET character_set_client = @saved_cs_client;

--
-- Temporary view structure for view `vista_resumen_partidos`
--

DROP TABLE IF EXISTS `vista_resumen_partidos`;
/*!50001 DROP VIEW IF EXISTS `vista_resumen_partidos`*/;
SET @saved_cs_client     = @@character_set_client;
/*!50503 SET character_set_client = utf8mb4 */;
/*!50001 CREATE VIEW `vista_resumen_partidos` AS SELECT 
 1 AS `cod_partido`,
 1 AS `fecha_hora_partido`,
 1 AS `ciudad`,
 1 AS `fecha_torneo`,
 1 AS `equipo_local_id`,
 1 AS `jugador_local_1`,
 1 AS `jugador_local_2`,
 1 AS `equipo_visitante_id`,
 1 AS `jugador_visitante_1`,
 1 AS `jugador_visitante_2`,
 1 AS `cod_equipo_ganador`,
 1 AS `equipo_ganador`*/;
SET character_set_client = @saved_cs_client;

--
-- Final view structure for view `vista_rank_masc`
--

/*!50001 DROP VIEW IF EXISTS `vista_rank_masc`*/;
/*!50001 SET @saved_cs_client          = @@character_set_client */;
/*!50001 SET @saved_cs_results         = @@character_set_results */;
/*!50001 SET @saved_col_connection     = @@collation_connection */;
/*!50001 SET character_set_client      = utf8mb4 */;
/*!50001 SET character_set_results     = utf8mb4 */;
/*!50001 SET collation_connection      = utf8mb4_0900_ai_ci */;
/*!50001 CREATE ALGORITHM=UNDEFINED */
/*!50013 DEFINER=`root`@`localhost` SQL SECURITY DEFINER */
/*!50001 VIEW `vista_rank_masc` AS select `j`.`nombre` AS `nombre`,`j`.`ranking` AS `ranking` from `jugadores` `j` where (`j`.`M/F` = 'M') order by `j`.`ranking` */;
/*!50001 SET character_set_client      = @saved_cs_client */;
/*!50001 SET character_set_results     = @saved_cs_results */;
/*!50001 SET collation_connection      = @saved_col_connection */;

--
-- Final view structure for view `vista_resumen_partidos`
--

/*!50001 DROP VIEW IF EXISTS `vista_resumen_partidos`*/;
/*!50001 SET @saved_cs_client          = @@character_set_client */;
/*!50001 SET @saved_cs_results         = @@character_set_results */;
/*!50001 SET @saved_col_connection     = @@collation_connection */;
/*!50001 SET character_set_client      = utf8mb4 */;
/*!50001 SET character_set_results     = utf8mb4 */;
/*!50001 SET collation_connection      = utf8mb4_0900_ai_ci */;
/*!50001 CREATE ALGORITHM=UNDEFINED */
/*!50013 DEFINER=`root`@`localhost` SQL SECURITY DEFINER */
/*!50001 VIEW `vista_resumen_partidos` AS select `p`.`cod_partido` AS `cod_partido`,`p`.`fecha_hora` AS `fecha_hora_partido`,`c`.`ciudad` AS `ciudad`,`t`.`fecha` AS `fecha_torneo`,`el`.`cod_equipo` AS `equipo_local_id`,`jl1`.`nombre` AS `jugador_local_1`,`jl2`.`nombre` AS `jugador_local_2`,`ev`.`cod_equipo` AS `equipo_visitante_id`,`jv1`.`nombre` AS `jugador_visitante_1`,`jv2`.`nombre` AS `jugador_visitante_2`,`p`.`ganador` AS `cod_equipo_ganador`,(case when (`p`.`ganador` = `el`.`cod_equipo`) then 'Equipo Local' when (`p`.`ganador` = `ev`.`cod_equipo`) then 'Equipo Visitante' else 'Desconocido' end) AS `equipo_ganador` from ((((((((`partidos` `p` join `torneos` `t` on((`p`.`cod_torneos_partidos` = `t`.`cod_torneo`))) join `ciudad` `c` on((`t`.`cod_ciudad` = `c`.`cod_ciudad`))) join `equipos` `el` on((`p`.`equipo_local` = `el`.`cod_equipo`))) join `jugadores` `jl1` on((`el`.`cod_jugador1` = `jl1`.`cod_jugador`))) join `jugadores` `jl2` on((`el`.`cod_jugador2` = `jl2`.`cod_jugador`))) join `equipos` `ev` on((`p`.`equipo_visitante` = `ev`.`cod_equipo`))) join `jugadores` `jv1` on((`ev`.`cod_jugador1` = `jv1`.`cod_jugador`))) join `jugadores` `jv2` on((`ev`.`cod_jugador2` = `jv2`.`cod_jugador`))) */;
/*!50001 SET character_set_client      = @saved_cs_client */;
/*!50001 SET character_set_results     = @saved_cs_results */;
/*!50001 SET collation_connection      = @saved_col_connection */;
/*!40103 SET TIME_ZONE=@OLD_TIME_ZONE */;

/*!40101 SET SQL_MODE=@OLD_SQL_MODE */;
/*!40014 SET FOREIGN_KEY_CHECKS=@OLD_FOREIGN_KEY_CHECKS */;
/*!40014 SET UNIQUE_CHECKS=@OLD_UNIQUE_CHECKS */;
/*!40101 SET CHARACTER_SET_CLIENT=@OLD_CHARACTER_SET_CLIENT */;
/*!40101 SET CHARACTER_SET_RESULTS=@OLD_CHARACTER_SET_RESULTS */;
/*!40101 SET COLLATION_CONNECTION=@OLD_COLLATION_CONNECTION */;
/*!40111 SET SQL_NOTES=@OLD_SQL_NOTES */;

-- Dump completed on 2025-05-20 19:25:22
